player,season,rank,comp_player,comp_season,similarity
Aaron Rodgers,2019,1,Baker Mayfield,2020,0.7265
Aaron Rodgers,2019,2,Joe Burrow,2020,0.69
Aaron Rodgers,2019,3,Baker Mayfield,2023,0.6778
Aaron Rodgers,2019,4,Justin Herbert,2023,0.5877
Aaron Rodgers,2019,5,Kirk Cousins,2021,0.5362
Aaron Rodgers,2020,1,Aaron Rodgers,2021,0.9302
Aaron Rodgers,2020,2,Dak Prescott,2023,0.8814
Aaron Rodgers,2020,3,Josh Allen,2020,0.8774
Aaron Rodgers,2020,4,Patrick Mahomes,2020,0.8421
Aaron Rodgers,2020,5,Kirk Cousins,2019,0.8207
Aaron Rodgers,2021,1,Aaron Rodgers,2020,0.9302
Aaron Rodgers,2021,2,Dak Prescott,2023,0.9027
Aaron Rodgers,2021,3,Kirk Cousins,2019,0.8734
Aaron Rodgers,2021,4,Kirk Cousins,2021,0.8363
Aaron Rodgers,2021,5,Kirk Cousins,2023,0.8008
Aaron Rodgers,2022,1,Sam Darnold,2019,0.7722
Aaron Rodgers,2022,2,Kirk Cousins,2022,0.7248
Aaron Rodgers,2022,3,Tua Tagovailoa,2020,0.6935
Aaron Rodgers,2022,4,Baker Mayfield,2023,0.5955
Aaron Rodgers,2022,5,Jared Goff,2021,0.5798
Matthew Stafford,2019,1,Tua Tagovailoa,2022,0.9413
Matthew Stafford,2019,2,Russell Wilson,2021,0.8306
Matthew Stafford,2019,3,Matthew Stafford,2020,0.8241
Matthew Stafford,2019,4,Dak Prescott,2019,0.7745
Matthew Stafford,2019,5,Russell Wilson,2019,0.7611
Matthew Stafford,2020,1,Matthew Stafford,2019,0.8241
Matthew Stafford,2020,2,Russell Wilson,2021,0.7907
Matthew Stafford,2020,3,Tua Tagovailoa,2022,0.7628
Matthew Stafford,2020,4,Russell Wilson,2019,0.638
Matthew Stafford,2020,5,Baker Mayfield,2023,0.6175
Matthew Stafford,2021,1,Kirk Cousins,2020,0.852
Matthew Stafford,2021,2,Tua Tagovailoa,2022,0.7654
Matthew Stafford,2021,3,Tua Tagovailoa,2023,0.6893
Matthew Stafford,2021,4,Joe Burrow,2021,0.6869
Matthew Stafford,2021,5,Josh Allen,2020,0.6427
Matthew Stafford,2022,1,Kirk Cousins,2022,0.8892
Matthew Stafford,2022,2,Daniel Jones,2023,0.7696
Matthew Stafford,2022,3,Jared Goff,2021,0.7663
Matthew Stafford,2022,4,Baker Mayfield,2022,0.6931
Matthew Stafford,2022,5,Joe Burrow,2023,0.6662
Matthew Stafford,2023,1,Jared Goff,2019,0.7473
Matthew Stafford,2023,2,Baker Mayfield,2020,0.5819
Matthew Stafford,2023,3,Derek Carr,2022,0.5441
Matthew Stafford,2023,4,Matthew Stafford,2020,0.5143
Matthew Stafford,2023,5,Geno Smith,2023,0.4985
Russell Wilson,2019,1,Russell Wilson,2021,0.8424
Russell Wilson,2019,2,Matthew Stafford,2019,0.7611
Russell Wilson,2019,3,Matthew Stafford,2020,0.638
Russell Wilson,2019,4,Tua Tagovailoa,2022,0.6184
Russell Wilson,2019,5,Lamar Jackson,2023,0.5803
Russell Wilson,2020,1,Kirk Cousins,2020,0.6732
Russell Wilson,2020,2,Joe Burrow,2021,0.6639
Russell Wilson,2020,3,Kyler Murray,2021,0.5839
Russell Wilson,2020,4,Josh Allen,2020,0.5816
Russell Wilson,2020,5,Lamar Jackson,2023,0.5508
Russell Wilson,2021,1,Russell Wilson,2019,0.8424
Russell Wilson,2021,2,Matthew Stafford,2019,0.8306
Russell Wilson,2021,3,Matthew Stafford,2020,0.7907
Russell Wilson,2021,4,Tua Tagovailoa,2022,0.6451
Russell Wilson,2021,5,Baker Mayfield,2023,0.6256
Russell Wilson,2022,1,Baker Mayfield,2021,0.8658
Russell Wilson,2022,2,Josh Allen,2019,0.7896
Russell Wilson,2022,3,Sam Darnold,2020,0.7786
Russell Wilson,2022,4,Daniel Jones,2020,0.7376
Russell Wilson,2022,5,Daniel Jones,2019,0.711
Russell Wilson,2023,1,Daniel Jones,2023,0.6349
Russell Wilson,2023,2,Daniel Jones,2022,0.6157
Russell Wilson,2023,3,Kyler Murray,2023,0.5167
Russell Wilson,2023,4,Daniel Jones,2019,0.5016
Russell Wilson,2023,5,Kyler Murray,2022,0.4912
Kirk Cousins,2019,1,Aaron Rodgers,2021,0.8734
Kirk Cousins,2019,2,Kirk Cousins,2023,0.8361
Kirk Cousins,2019,3,Dak Prescott,2023,0.8301
Kirk Cousins,2019,4,Aaron Rodgers,2020,0.8207
Kirk Cousins,2019,5,Dak Prescott,2021,0.806
Kirk Cousins,2020,1,Joe Burrow,2021,0.9307
Kirk Cousins,2020,2,Matthew Stafford,2021,0.852
Kirk Cousins,2020,3,Russell Wilson,2020,0.6732
Kirk Cousins,2020,4,Tua Tagovailoa,2022,0.6523
Kirk Cousins,2020,5,Kirk Cousins,2019,0.6499
Kirk Cousins,2021,1,Aaron Rodgers,2021,0.8363
Kirk Cousins,2021,2,Dak Prescott,2021,0.779
Kirk Cousins,2021,3,Aaron Rodgers,2020,0.7705
Kirk Cousins,2021,4,Kirk Cousins,2019,0.7659
Kirk Cousins,2021,5,Jared Goff,2022,0.7608
Kirk Cousins,2022,1,Matthew Stafford,2022,0.8892
Kirk Cousins,2022,2,Jared Goff,2021,0.8127
Kirk Cousins,2022,3,Joe Burrow,2023,0.7442
Kirk Cousins,2022,4,Aaron Rodgers,2022,0.7248
Kirk Cousins,2022,5,Tua Tagovailoa,2021,0.6978
Kirk Cousins,2023,1,Kirk Cousins,2019,0.8361
Kirk Cousins,2023,2,Joe Burrow,2022,0.8032
Kirk Cousins,2023,3,Aaron Rodgers,2021,0.8008
Kirk Cousins,2023,4,Dak Prescott,2023,0.7994
Kirk Cousins,2023,5,Derek Carr,2019,0.795
Geno Smith,2022,1,Joe Burrow,2022,0.6766
Geno Smith,2022,2,Kyler Murray,2021,0.6677
Geno Smith,2022,3,Kirk Cousins,2023,0.5854
Geno Smith,2022,4,Dak Prescott,2023,0.5797
Geno Smith,2022,5,Joe Burrow,2021,0.5675
Geno Smith,2023,1,Jared Goff,2021,0.8119
Geno Smith,2023,2,Jared Goff,2020,0.7767
Geno Smith,2023,3,Joe Burrow,2023,0.7632
Geno Smith,2023,4,Jared Goff,2023,0.7161
Geno Smith,2023,5,Justin Herbert,2022,0.6939
Derek Carr,2019,1,Jared Goff,2023,0.8348
Derek Carr,2019,2,Kirk Cousins,2023,0.795
Derek Carr,2019,3,Kirk Cousins,2019,0.7854
Derek Carr,2019,4,Justin Herbert,2020,0.766
Derek Carr,2019,5,Joe Burrow,2022,0.7447
Derek Carr,2020,1,Kirk Cousins,2019,0.8045
Derek Carr,2020,2,Patrick Mahomes,2019,0.7776
Derek Carr,2020,3,Kirk Cousins,2021,0.7385
Derek Carr,2020,4,Dak Prescott,2020,0.7309
Derek Carr,2020,5,Aaron Rodgers,2020,0.7297
Derek Carr,2021,1,Tua Tagovailoa,2023,0.6396
Derek Carr,2021,2,Derek Carr,2023,0.5979
Derek Carr,2021,3,Derek Carr,2019,0.584
Derek Carr,2021,4,Tua Tagovailoa,2021,0.4867
Derek Carr,2021,5,Matthew Stafford,2022,0.4851
Derek Carr,2022,1,Sam Darnold,2019,0.8053
Derek Carr,2022,2,Baker Mayfield,2019,0.7906
Derek Carr,2022,3,Baker Mayfield,2021,0.6753
Derek Carr,2022,4,Josh Allen,2019,0.6043
Derek Carr,2022,5,Trevor Lawrence,2021,0.5788
Derek Carr,2023,1,Dak Prescott,2021,0.7323
Derek Carr,2023,2,Jared Goff,2023,0.7045
Derek Carr,2023,3,Jared Goff,2021,0.6871
Derek Carr,2023,4,Trevor Lawrence,2022,0.6644
Derek Carr,2023,5,Kirk Cousins,2023,0.645
Dak Prescott,2019,1,Patrick Mahomes,2019,0.8761
Dak Prescott,2019,2,Tua Tagovailoa,2022,0.7969
Dak Prescott,2019,3,Matthew Stafford,2019,0.7745
Dak Prescott,2019,4,Patrick Mahomes,2020,0.7395
Dak Prescott,2019,5,Derek Carr,2020,0.6568
Dak Prescott,2020,1,Derek Carr,2020,0.7309
Dak Prescott,2020,2,Patrick Mahomes,2019,0.67
Dak Prescott,2020,3,Patrick Mahomes,2022,0.65
Dak Prescott,2020,4,Dak Prescott,2019,0.6322
Dak Prescott,2020,5,Patrick Mahomes,2020,0.5828
Dak Prescott,2021,1,Tua Tagovailoa,2023,0.8152
Dak Prescott,2021,2,Kirk Cousins,2019,0.806
Dak Prescott,2021,3,Kirk Cousins,2021,0.779
Dak Prescott,2021,4,Jared Goff,2023,0.7692
Dak Prescott,2021,5,Justin Herbert,2020,0.7564
Dak Prescott,2022,1,Matthew Stafford,2021,0.6346
Dak Prescott,2022,2,Baker Mayfield,2019,0.6108
Dak Prescott,2022,3,Josh Allen,2023,0.5539
Dak Prescott,2022,4,Jalen Hurts,2023,0.4893
Dak Prescott,2022,5,Derek Carr,2022,0.4533
Dak Prescott,2023,1,Aaron Rodgers,2021,0.9027
Dak Prescott,2023,2,Aaron Rodgers,2020,0.8814
Dak Prescott,2023,3,Kirk Cousins,2019,0.8301
Dak Prescott,2023,4,Kirk Cousins,2023,0.7994
Dak Prescott,2023,5,Josh Allen,2020,0.758
Jared Goff,2019,1,Matthew Stafford,2023,0.7473
Jared Goff,2019,2,Jared Goff,2020,0.6398
Jared Goff,2019,3,Aaron Rodgers,2022,0.567
Jared Goff,2019,4,Derek Carr,2022,0.5632
Jared Goff,2019,5,Geno Smith,2023,0.5623
Jared Goff,2020,1,Tua Tagovailoa,2021,0.9055
Jared Goff,2020,2,Geno Smith,2023,0.7767
Jared Goff,2020,3,Jared Goff,2023,0.7698
Jared Goff,2020,4,Patrick Mahomes,2023,0.7566
Jared Goff,2020,5,Justin Herbert,2022,0.7388
Jared Goff,2021,1,Joe Burrow,2023,0.9513
Jared Goff,2021,2,Kirk Cousins,2022,0.8127
Jared Goff,2021,3,Geno Smith,2023,0.8119
Jared Goff,2021,4,Justin Herbert,2022,0.8036
Jared Goff,2021,5,Matthew Stafford,2022,0.7663
Jared Goff,2022,1,Justin Herbert,2020,0.8656
Jared Goff,2022,2,Trevor Lawrence,2022,0.8394
Jared Goff,2022,3,Jared Goff,2023,0.8184
Jared Goff,2022,4,Kirk Cousins,2021,0.7608
Jared Goff,2022,5,Dak Prescott,2021,0.6996
Jared Goff,2023,1,Derek Carr,2019,0.8348
Jared Goff,2023,2,Jared Goff,2022,0.8184
Jared Goff,2023,3,Tua Tagovailoa,2023,0.7933
Jared Goff,2023,4,Justin Herbert,2020,0.7804
Jared Goff,2023,5,Jared Goff,2020,0.7698
Patrick Mahomes,2019,1,Patrick Mahomes,2020,0.9388
Patrick Mahomes,2019,2,Dak Prescott,2019,0.8761
Patrick Mahomes,2019,3,Derek Carr,2020,0.7776
Patrick Mahomes,2019,4,Josh Allen,2020,0.7558
Patrick Mahomes,2019,5,Tua Tagovailoa,2022,0.7207
Patrick Mahomes,2020,1,Patrick Mahomes,2019,0.9388
Patrick Mahomes,2020,2,Aaron Rodgers,2020,0.8421
Patrick Mahomes,2020,3,Patrick Mahomes,2022,0.838
Patrick Mahomes,2020,4,Josh Allen,2020,0.8218
Patrick Mahomes,2020,5,Aaron Rodgers,2021,0.7983
Patrick Mahomes,2021,1,Justin Herbert,2021,0.9352
Patrick Mahomes,2021,2,Patrick Mahomes,2022,0.8856
Patrick Mahomes,2021,3,Justin Herbert,2020,0.7415
Patrick Mahomes,2021,4,Patrick Mahomes,2020,0.6973
Patrick Mahomes,2021,5,Aaron Rodgers,2020,0.6784
Patrick Mahomes,2022,1,Patrick Mahomes,2021,0.8856
Patrick Mahomes,2022,2,Justin Herbert,2021,0.8678
Patrick Mahomes,2022,3,Patrick Mahomes,2020,0.838
Patrick Mahomes,2022,4,Aaron Rodgers,2020,0.7993
Patrick Mahomes,2022,5,Josh Allen,2020,0.7597
Patrick Mahomes,2023,1,Jared Goff,2020,0.7566
Patrick Mahomes,2023,2,Tua Tagovailoa,2021,0.6989
Patrick Mahomes,2023,3,Justin Herbert,2022,0.6843
Patrick Mahomes,2023,4,Kyler Murray,2022,0.5798
Patrick Mahomes,2023,5,Patrick Mahomes,2021,0.5771
Lamar Jackson,2019,1,Lamar Jackson,2020,0.8864
Lamar Jackson,2019,2,Josh Allen,2022,0.8344
Lamar Jackson,2019,3,Jalen Hurts,2022,0.7478
Lamar Jackson,2019,4,Josh Allen,2021,0.6938
Lamar Jackson,2019,5,Lamar Jackson,2023,0.6695
Lamar Jackson,2020,1,Josh Allen,2022,0.8934
Lamar Jackson,2020,2,Lamar Jackson,2019,0.8864
Lamar Jackson,2020,3,Lamar Jackson,2022,0.8717
Lamar Jackson,2020,4,Josh Allen,2021,0.7507
Lamar Jackson,2020,5,Jalen Hurts,2022,0.7002
Lamar Jackson,2021,1,Jalen Hurts,2023,0.862
Lamar Jackson,2021,2,Lamar Jackson,2020,0.7002
Lamar Jackson,2021,3,Lamar Jackson,2022,0.6876
Lamar Jackson,2021,4,Jalen Hurts,2021,0.6507
Lamar Jackson,2021,5,Josh Allen,2022,0.6352
Lamar Jackson,2022,1,Jalen Hurts,2021,0.879
Lamar Jackson,2022,2,Lamar Jackson,2020,0.8717
Lamar Jackson,2022,3,Josh Allen,2021,0.807
Lamar Jackson,2022,4,Josh Allen,2022,0.7662
Lamar Jackson,2022,5,Kyler Murray,2020,0.758
Lamar Jackson,2023,1,Jalen Hurts,2022,0.7557
Lamar Jackson,2023,2,Lamar Jackson,2019,0.6695
Lamar Jackson,2023,3,Kyler Murray,2021,0.656
Lamar Jackson,2023,4,Lamar Jackson,2020,0.6221
Lamar Jackson,2023,5,Russell Wilson,2019,0.5803
Baker Mayfield,2019,1,Baker Mayfield,2021,0.8767
Baker Mayfield,2019,2,Sam Darnold,2019,0.8314
Baker Mayfield,2019,3,Derek Carr,2022,0.7906
Baker Mayfield,2019,4,Sam Darnold,2021,0.6929
Baker Mayfield,2019,5,Sam Darnold,2020,0.6827
Baker Mayfield,2020,1,Baker Mayfield,2023,0.7272
Baker Mayfield,2020,2,Aaron Rodgers,2019,0.7265
Baker Mayfield,2020,3,Matthew Stafford,2019,0.6627
Baker Mayfield,2020,4,Kirk Cousins,2021,0.6605
Baker Mayfield,2020,5,Tua Tagovailoa,2022,0.6245
Baker Mayfield,2021,1,Baker Mayfield,2019,0.8767
Baker Mayfield,2021,2,Russell Wilson,2022,0.8658
Baker Mayfield,2021,3,Sam Darnold,2019,0.8416
Baker Mayfield,2021,4,Sam Darnold,2020,0.756
Baker Mayfield,2021,5,Daniel Jones,2019,0.7228
Baker Mayfield,2022,1,Sam Darnold,2021,0.8896
Baker Mayfield,2022,2,Daniel Jones,2020,0.8689
Baker Mayfield,2022,3,Sam Darnold,2020,0.864
Baker Mayfield,2022,4,Kyler Murray,2019,0.7864
Baker Mayfield,2022,5,Tua Tagovailoa,2020,0.756
Baker Mayfield,2023,1,Baker Mayfield,2020,0.7272
Baker Mayfield,2023,2,Aaron Rodgers,2019,0.6778
Baker Mayfield,2023,3,Russell Wilson,2021,0.6256
Baker Mayfield,2023,4,Matthew Stafford,2020,0.6175
Baker Mayfield,2023,5,Aaron Rodgers,2022,0.5955
Josh Allen,2019,1,Russell Wilson,2022,0.7896
Josh Allen,2019,2,Daniel Jones,2019,0.7409
Josh Allen,2019,3,Jalen Hurts,2021,0.7228
Josh Allen,2019,4,Sam Darnold,2020,0.6677
Josh Allen,2019,5,Baker Mayfield,2021,0.6669
Josh Allen,2020,1,Aaron Rodgers,2020,0.8774
Josh Allen,2020,2,Patrick Mahomes,2020,0.8218
Josh Allen,2020,3,Patrick Mahomes,2022,0.7597
Josh Allen,2020,4,Dak Prescott,2023,0.758
Josh Allen,2020,5,Patrick Mahomes,2019,0.7558
Josh Allen,2021,1,Kyler Murray,2020,0.8318
Josh Allen,2021,2,Lamar Jackson,2022,0.807
Josh Allen,2021,3,Josh Allen,2022,0.8058
Josh Allen,2021,4,Josh Allen,2023,0.7879
Josh Allen,2021,5,Jalen Hurts,2021,0.7633
Josh Allen,2022,1,Lamar Jackson,2020,0.8934
Josh Allen,2022,2,Lamar Jackson,2019,0.8344
Josh Allen,2022,3,Josh Allen,2021,0.8058
Josh Allen,2022,4,Lamar Jackson,2022,0.7662
Josh Allen,2022,5,Josh Allen,2023,0.7541
Josh Allen,2023,1,Josh Allen,2021,0.7879
Josh Allen,2023,2,Josh Allen,2022,0.7541
Josh Allen,2023,3,Jalen Hurts,2023,0.7475
Josh Allen,2023,4,Kyler Murray,2020,0.7123
Josh Allen,2023,5,Lamar Jackson,2020,0.5843
Sam Darnold,2019,1,Baker Mayfield,2021,0.8416
Sam Darnold,2019,2,Baker Mayfield,2019,0.8314
Sam Darnold,2019,3,Derek Carr,2022,0.8053
Sam Darnold,2019,4,Aaron Rodgers,2022,0.7722
Sam Darnold,2019,5,Sam Darnold,2021,0.7513
Sam Darnold,2020,1,Sam Darnold,2021,0.9746
Sam Darnold,2020,2,Trevor Lawrence,2021,0.8782
Sam Darnold,2020,3,Daniel Jones,2019,0.8641
Sam Darnold,2020,4,Baker Mayfield,2022,0.864
Sam Darnold,2020,5,Daniel Jones,2020,0.8607
Sam Darnold,2021,1,Sam Darnold,2020,0.9746
Sam Darnold,2021,2,Trevor Lawrence,2021,0.8999
Sam Darnold,2021,3,Baker Mayfield,2022,0.8896
Sam Darnold,2021,4,Daniel Jones,2020,0.8605
Sam Darnold,2021,5,Daniel Jones,2019,0.7805
Kyler Murray,2019,1,Daniel Jones,2020,0.945
Kyler Murray,2019,2,Daniel Jones,2023,0.8224
Kyler Murray,2019,3,Baker Mayfield,2022,0.7864
Kyler Murray,2019,4,Sam Darnold,2021,0.7677
Kyler Murray,2019,5,Sam Darnold,2020,0.7431
Kyler Murray,2020,1,Josh Allen,2021,0.8318
Kyler Murray,2020,2,Lamar Jackson,2022,0.758
Kyler Murray,2020,3,Josh Allen,2023,0.7123
Kyler Murray,2020,4,Lamar Jackson,2020,0.6988
Kyler Murray,2020,5,Jalen Hurts,2022,0.6784
Kyler Murray,2021,1,Josh Allen,2020,0.7112
Kyler Murray,2021,2,Geno Smith,2022,0.6677
Kyler Murray,2021,3,Lamar Jackson,2023,0.656
Kyler Murray,2021,4,Joe Burrow,2021,0.6414
Kyler Murray,2021,5,Dak Prescott,2023,0.6388
Kyler Murray,2022,1,Kyler Murray,2023,0.9565
Kyler Murray,2022,2,Daniel Jones,2021,0.823
Kyler Murray,2022,3,Daniel Jones,2022,0.7336
Kyler Murray,2022,4,Tua Tagovailoa,2020,0.7139
Kyler Murray,2022,5,Justin Herbert,2023,0.6774
Kyler Murray,2023,1,Kyler Murray,2022,0.9565
Kyler Murray,2023,2,Daniel Jones,2021,0.8914
Kyler Murray,2023,3,Daniel Jones,2022,0.7525
Kyler Murray,2023,4,Tua Tagovailoa,2020,0.7268
Kyler Murray,2023,5,Kyler Murray,2019,0.6662
Daniel Jones,2019,1,Sam Darnold,2020,0.8641
Daniel Jones,2019,2,Sam Darnold,2021,0.7805
Daniel Jones,2019,3,Josh Allen,2019,0.7409
Daniel Jones,2019,4,Baker Mayfield,2021,0.7228
Daniel Jones,2019,5,Russell Wilson,2022,0.711
Daniel Jones,2020,1,Kyler Murray,2019,0.945
Daniel Jones,2020,2,Baker Mayfield,2022,0.8689
Daniel Jones,2020,3,Sam Darnold,2020,0.8607
Daniel Jones,2020,4,Sam Darnold,2021,0.8605
Daniel Jones,2020,5,Daniel Jones,2023,0.8133
Daniel Jones,2021,1,Kyler Murray,2023,0.8914
Daniel Jones,2021,2,Kyler Murray,2022,0.823
Daniel Jones,2021,3,Trevor Lawrence,2021,0.8054
Daniel Jones,2021,4,Tua Tagovailoa,2020,0.7787
Daniel Jones,2021,5,Daniel Jones,2020,0.7645
Daniel Jones,2022,1,Kyler Murray,2023,0.7525
Daniel Jones,2022,2,Kyler Murray,2022,0.7336
Daniel Jones,2022,3,Russell Wilson,2023,0.6157
Daniel Jones,2022,4,Jalen Hurts,2022,0.6069
Daniel Jones,2022,5,Kyler Murray,2020,0.541
Daniel Jones,2023,1,Kyler Murray,2019,0.8224
Daniel Jones,2023,2,Daniel Jones,2020,0.8133
Daniel Jones,2023,3,Matthew Stafford,2022,0.7696
Daniel Jones,2023,4,Sam Darnold,2020,0.767
Daniel Jones,2023,5,Sam Darnold,2021,0.738
Tua Tagovailoa,2020,1,Justin Herbert,2023,0.8383
Tua Tagovailoa,2020,2,Daniel Jones,2021,0.7787
Tua Tagovailoa,2020,3,Joe Burrow,2023,0.777
Tua Tagovailoa,2020,4,Baker Mayfield,2022,0.756
Tua Tagovailoa,2020,5,Jared Goff,2021,0.7407
Tua Tagovailoa,2021,1,Jared Goff,2020,0.9055
Tua Tagovailoa,2021,2,Joe Burrow,2023,0.7106
Tua Tagovailoa,2021,3,Jared Goff,2021,0.7007
Tua Tagovailoa,2021,4,Patrick Mahomes,2023,0.6989
Tua Tagovailoa,2021,5,Kirk Cousins,2022,0.6978
Tua Tagovailoa,2022,1,Matthew Stafford,2019,0.9413
Tua Tagovailoa,2022,2,Dak Prescott,2019,0.7969
Tua Tagovailoa,2022,3,Matthew Stafford,2021,0.7654
Tua Tagovailoa,2022,4,Matthew Stafford,2020,0.7628
Tua Tagovailoa,2022,5,Patrick Mahomes,2019,0.7207
Tua Tagovailoa,2023,1,Dak Prescott,2021,0.8152
Tua Tagovailoa,2023,2,Jared Goff,2023,0.7933
Tua Tagovailoa,2023,3,Kirk Cousins,2019,0.7086
Tua Tagovailoa,2023,4,Derek Carr,2019,0.7037
Tua Tagovailoa,2023,5,Matthew Stafford,2021,0.6893
Justin Herbert,2020,1,Jared Goff,2022,0.8656
Justin Herbert,2020,2,Trevor Lawrence,2022,0.8414
Justin Herbert,2020,3,Kirk Cousins,2023,0.7924
Justin Herbert,2020,4,Jared Goff,2023,0.7804
Justin Herbert,2020,5,Derek Carr,2019,0.766
Justin Herbert,2021,1,Patrick Mahomes,2021,0.9352
Justin Herbert,2021,2,Patrick Mahomes,2022,0.8678
Justin Herbert,2021,3,Aaron Rodgers,2020,0.6582
Justin Herbert,2021,4,Justin Herbert,2020,0.6266
Justin Herbert,2021,5,Patrick Mahomes,2020,0.6148
Justin Herbert,2022,1,Joe Burrow,2023,0.8661
Justin Herbert,2022,2,Jared Goff,2021,0.8036
Justin Herbert,2022,3,Jared Goff,2020,0.7388
Justin Herbert,2022,4,Justin Herbert,2023,0.7126
Justin Herbert,2022,5,Geno Smith,2023,0.6939
Justin Herbert,2023,1,Tua Tagovailoa,2020,0.8383
Justin Herbert,2023,2,Joe Burrow,2023,0.7609
Justin Herbert,2023,3,Justin Herbert,2022,0.7126
Justin Herbert,2023,4,Joe Burrow,2020,0.6792
Justin Herbert,2023,5,Kyler Murray,2022,0.6774
Jalen Hurts,2021,1,Lamar Jackson,2022,0.879
Jalen Hurts,2021,2,Josh Allen,2021,0.7633
Jalen Hurts,2021,3,Josh Allen,2022,0.7525
Jalen Hurts,2021,4,Josh Allen,2019,0.7228
Jalen Hurts,2021,5,Jalen Hurts,2023,0.6895
Jalen Hurts,2022,1,Lamar Jackson,2023,0.7557
Jalen Hurts,2022,2,Lamar Jackson,2019,0.7478
Jalen Hurts,2022,3,Lamar Jackson,2020,0.7002
Jalen Hurts,2022,4,Lamar Jackson,2022,0.6863
Jalen Hurts,2022,5,Kyler Murray,2020,0.6784
Jalen Hurts,2023,1,Lamar Jackson,2021,0.862
Jalen Hurts,2023,2,Josh Allen,2023,0.7475
Jalen Hurts,2023,3,Josh Allen,2022,0.7082
Jalen Hurts,2023,4,Jalen Hurts,2021,0.6895
Jalen Hurts,2023,5,Lamar Jackson,2022,0.6473
Joe Burrow,2020,1,Aaron Rodgers,2019,0.69
Joe Burrow,2020,2,Justin Herbert,2023,0.6792
Joe Burrow,2020,3,Tua Tagovailoa,2020,0.5697
Joe Burrow,2020,4,Baker Mayfield,2023,0.547
Joe Burrow,2020,5,Daniel Jones,2020,0.478
Joe Burrow,2021,1,Kirk Cousins,2020,0.9307
Joe Burrow,2021,2,Matthew Stafford,2021,0.6869
Joe Burrow,2021,3,Russell Wilson,2020,0.6639
Joe Burrow,2021,4,Kyler Murray,2021,0.6414
Joe Burrow,2021,5,Kirk Cousins,2019,0.6178
Joe Burrow,2022,1,Kirk Cousins,2023,0.8032
Joe Burrow,2022,2,Derek Carr,2019,0.7447
Joe Burrow,2022,3,Justin Herbert,2020,0.7315
Joe Burrow,2022,4,Dak Prescott,2023,0.6902
Joe Burrow,2022,5,Geno Smith,2022,0.6766
Joe Burrow,2023,1,Jared Goff,2021,0.9513
Joe Burrow,2023,2,Justin Herbert,2022,0.8661
Joe Burrow,2023,3,Tua Tagovailoa,2020,0.777
Joe Burrow,2023,4,Geno Smith,2023,0.7632
Joe Burrow,2023,5,Justin Herbert,2023,0.7609
Trevor Lawrence,2021,1,Sam Darnold,2021,0.8999
Trevor Lawrence,2021,2,Sam Darnold,2020,0.8782
Trevor Lawrence,2021,3,Daniel Jones,2021,0.8054
Trevor Lawrence,2021,4,Trevor Lawrence,2023,0.736
Trevor Lawrence,2021,5,Daniel Jones,2020,0.7176
Trevor Lawrence,2022,1,Justin Herbert,2020,0.8414
Trevor Lawrence,2022,2,Jared Goff,2022,0.8394
Trevor Lawrence,2022,3,Justin Herbert,2022,0.6827
Trevor Lawrence,2022,4,Derek Carr,2023,0.6644
Trevor Lawrence,2022,5,Justin Herbert,2023,0.6571
Trevor Lawrence,2023,1,Trevor Lawrence,2021,0.736
Trevor Lawrence,2023,2,Sam Darnold,2021,0.7126
Trevor Lawrence,2023,3,Sam Darnold,2019,0.6574
Trevor Lawrence,2023,4,Sam Darnold,2020,0.6499
Trevor Lawrence,2023,5,Daniel Jones,2021,0.6293
