qb_id,season,wepa,wsum,n,x,cqbr,gsis_id,qbr_total,qbr_raw,n_f,sacks,scrambles,rushes,fumbles,adot,yac,pyds,dropback_n,sack_rate,yac_share,scramble_share,fumble_rate,name,resid,resid_raw,opp_adjust
00-0019596,2019,42.84268448632549,576.6,651,0.07430226237656172,53.78909670322115,00-0019596,55.7,54.5,651,27.0,3.0,8.0,7.0,7.525285481239805,1863.0,4057.0,613.0,4.21875,45.92063100813409,1.6897081413210446,1.0752688172043012,Tom Brady,-1.910903296778855,-0.7109032967788522,1.2000000000000028
00-0019596,2020,135.29200119944863,561.2,640,0.24107626728340809,68.96330790224098,00-0019596,66.0,67.1,640,21.0,4.0,9.0,10.0,9.128712871287128,1810.0,4633.0,606.0,3.349282296650718,39.067558817181094,2.03125,1.5625,Tom Brady,2.9633079022409845,1.8633079022409902,-1.0999999999999943
00-0019596,2021,146.64653060086187,672.6,757,0.21802933482138248,67.01925644550748,00-0019596,73.1,72.2,757,22.0,10.0,8.0,9.0,8.09483960948396,2534.0,5316.0,717.0,2.9769959404600814,47.66741911211437,2.3778071334214,1.1889035667107,Tom Brady,-6.080743554492514,-5.180743554492523,0.8999999999999915
00-0019596,2022,49.61405922691631,683.2,764,0.07262011010965502,53.62695930517099,00-0019596,54.6,54.6,764,22.0,4.0,8.0,11.0,6.8863013698630136,2278.0,4694.0,730.0,2.925531914893617,48.530038346825734,1.5706806282722512,1.4397905759162304,Tom Brady,-0.9730406948290096,-0.9730406948290096,0.0
00-0020531,2019,86.05402678764068,348.2,387,0.2471396518886866,69.46418422448724,00-0020531,73.3,75.7,387,12.0,0.0,2.0,2.0,6.501340482573727,1495.0,2979.0,373.0,3.116883116883117,50.184625713326625,0.516795865633075,0.516795865633075,Drew Brees,-3.8358157755127564,-6.235815775512762,-2.4000000000000057
00-0020531,2020,71.81901362837088,369.8,407,0.19421042084470222,64.9471049206957,00-0020531,68.3,71.0,407,13.0,2.0,4.0,10.0,6.085051546391752,1478.0,2942.0,388.0,3.2418952618453867,50.23793337865398,1.4742014742014742,2.457002457002457,Drew Brees,-3.3528950793043037,-6.052895079304307,-2.700000000000003
00-0022924,2020,49.536510676250145,570.5,631,0.08682999242112208,54.993857447920696,00-0022924,52.5,53.3,631,13.0,3.0,7.0,15.0,6.949013157894737,1942.0,3803.0,608.0,2.0933977455716586,51.06494872469103,1.5847860538827259,2.3771790808240887,Ben Roethlisberger,2.4938574479206963,1.6938574479206991,-0.7999999999999972
00-0022924,2021,-17.77478999799863,555.2,648,-0.03201511166786497,43.52859845307756,00-0022924,41.3,40.5,648,38.0,3.0,4.0,13.0,6.747927031509121,1920.0,3740.0,603.0,5.928237129485179,51.33689839572193,1.0802469135802468,2.006172839506173,Ben Roethlisberger,2.2285984530775593,3.0285984530775565,0.7999999999999972
00-0022942,2019,61.57255399214063,566.0,632,0.10878543108152054,57.090374520586806,00-0022942,50.5,50.8,632,34.0,6.0,4.0,13.0,8.583333333333334,2154.0,4615.0,588.0,5.466237942122187,46.6738894907909,1.5822784810126582,2.0569620253164556,Philip Rivers,6.590374520586806,6.290374520586809,-0.29999999999999716
00-0022942,2020,109.63917197257244,513.4,561,0.2135550681195412,66.63472807957356,00-0022942,55.0,58.0,561,19.0,1.0,1.0,6.0,7.2,2226.0,4169.0,540.0,3.3989266547406083,53.39409930438954,0.35650623885918004,1.06951871657754,Philip Rivers,11.634728079573563,8.634728079573563,-3.0
00-0023459,2019,73.16244824945227,568.5,632,0.12869384036842968,58.9698777353595,00-0023459,52.5,55.6,632,36.0,26.0,2.0,10.0,8.81338028169014,2020.0,4002.0,568.0,5.960264900662252,50.47476261869065,4.430379746835443,1.5822784810126582,Aaron Rodgers,6.469877735359503,3.369877735359502,-3.1000000000000014
00-0023459,2020,185.65916557738004,495.1,572,0.37499326515326203,78.8777781908843,00-0023459,79.8,81.7,572,20.0,24.0,5.0,7.0,7.906309751434034,2248.0,4299.0,523.0,3.683241252302026,52.291230518725285,5.06993006993007,1.2237762237762237,Aaron Rodgers,-0.9222218091156975,-2.822221809115703,-1.9000000000000057
00-0023459,2021,144.61145086484342,532.7,579,0.2714688396186285,71.42734009753673,00-0023459,74.1,73.2,579,30.0,17.0,4.0,7.0,7.734848484848484,2177.0,4115.0,528.0,5.376344086021505,52.90400972053463,3.6269430051813467,1.2089810017271159,Aaron Rodgers,-2.6726599024632662,-1.7726599024632748,0.8999999999999915
00-0023459,2022,6.409090821801037,535.1,592,0.011977370251917467,47.75735245263965,00-0023459,41.3,44.0,592,32.0,13.0,7.0,15.0,8.012962962962963,1899.0,3695.0,540.0,5.594405594405594,51.393775372124495,3.3783783783783785,2.5337837837837838,Aaron Rodgers,6.457352452639654,3.757352452639651,-2.700000000000003
00-0023459,2024,35.765546418207144,594.2,641,0.060191091245720536,52.42681219739759,00-0023459,44.7,43.4,641,40.0,16.0,1.0,8.0,6.886986301369863,2122.0,3897.0,584.0,6.41025641025641,54.452142673851675,2.65210608424337,1.24804992199688,Aaron Rodgers,7.726812197397585,9.02681219739759,1.3000000000000043
00-0023459,2025,32.042418203761486,501.3,538,0.06391864792292337,52.78710328782643,00-0023459,44.4,42.3,538,29.0,12.0,1.0,11.0,6.086868686868687,2119.0,3322.0,495.0,5.534351145038168,63.78687537627935,2.41635687732342,2.0446096654275094,Aaron Rodgers,8.387103287826434,10.487103287826436,2.1000000000000014
00-0023682,2019,49.87701583282148,502.1,584,0.09933681703409973,56.19079435868624,00-0023682,68.3,66.6,584,40.0,35.0,10.0,14.0,9.044088176352705,1239.0,3529.0,499.0,7.421150278293136,35.10909606120714,7.705479452054795,2.3972602739726026,Ryan Fitzpatrick,-12.109205641313757,-10.409205641313754,1.7000000000000028
00-0023682,2020,56.386978735476816,266.7,304,0.2114247421652674,66.45085872915345,00-0023682,70.9,72.8,304,14.0,15.0,8.0,4.0,7.819548872180451,854.0,2091.0,266.0,5.0,40.84170253467241,7.565789473684211,1.3157894736842104,Ryan Fitzpatrick,-4.449141270846553,-6.349141270846545,-1.8999999999999915
00-0026143,2019,54.709564051144014,594.3,688,0.09205714967380788,55.49489561767872,00-0026143,59.6,60.4,688,48.0,22.0,3.0,11.0,8.2130081300813,1626.0,4466.0,615.0,7.239819004524888,36.40841916703986,3.6337209302325584,1.5988372093023258,Matt Ryan,-4.105104382321279,-4.9051043823212765,-0.7999999999999972
00-0026143,2020,69.80710135521198,602.7,687,0.1158239611004015,57.757498647053914,00-0026143,59.8,61.2,687,41.0,16.0,5.0,11.0,8.560897435897436,1642.0,4581.0,625.0,6.156156156156156,35.84370224841737,3.056768558951965,1.6011644832605532,Matt Ryan,-2.0425013529460827,-3.4425013529460884,-1.4000000000000057
00-0026143,2021,16.302360415322305,558.6,629,0.029184318681207133,49.42356970616323,00-0026143,52.2,53.1,629,40.0,17.0,13.0,17.0,7.161001788908766,1722.0,3968.0,559.0,6.67779632721202,43.39717741935484,4.769475357710652,2.7027027027027026,Matt Ryan,-2.776430293836775,-3.6764302938367734,-0.8999999999999986
00-0026143,2022,-6.438415847915243,474.9,519,-0.013557413872215715,45.294977196418735,00-0026143,44.9,44.9,519,38.0,10.0,11.0,22.0,6.026086956521739,1408.0,3057.0,460.0,7.630522088353414,46.0582270199542,4.046242774566474,4.238921001926782,Matt Ryan,0.3949771964187363,0.3949771964187363,0.0
00-0026158,2025,-12.094779106643662,400.6,442,-0.03019166027619486,43.70244567380744,00-0026158,41.0,43.6,442,18.0,4.0,8.0,4.0,7.398058252427185,1148.0,2479.0,412.0,4.186046511627907,46.308995562726906,2.7149321266968327,0.904977375565611,Joe Flacco,2.702445673807439,0.10244567380743774,-2.6000000000000014
00-0026498,2019,68.03983571608359,302.8,321,0.22470223155906072,67.58852320261201,00-0026498,71.3,74.7,321,18.0,9.0,5.0,6.0,10.757785467128027,890.0,2499.0,289.0,5.863192182410423,35.61424569827931,4.361370716510903,1.8691588785046727,Matthew Stafford,-3.711476797387988,-7.1114767973879935,-3.4000000000000057
00-0026498,2020,75.19326903636606,504.0,583,0.14919299411977394,60.87810733475016,00-0026498,61.3,61.5,583,38.0,16.0,8.0,5.0,8.871153846153845,1738.0,4084.0,521.0,6.797853309481217,42.55631733594515,4.1166380789022305,0.8576329331046313,Matthew Stafford,-0.4218926652498354,-0.6218926652498382,-0.20000000000000284
00-0026498,2021,124.94570232872084,570.3,647,0.21908767723780614,67.10988308520297,00-0026498,69.2,69.6,647,30.0,8.0,7.0,7.0,8.475873544093178,2124.0,4886.0,601.0,4.754358161648177,43.47114203847728,2.3183925811437405,1.0819165378670788,Matthew Stafford,-2.0901169147970364,-2.490116914797028,-0.3999999999999915
00-0026498,2022,-4.120540882149884,301.6,339,-0.013662270829409429,45.28490464288876,00-0026498,52.3,48.3,339,29.0,5.0,2.0,7.0,6.68976897689769,1119.0,2087.0,303.0,8.734939759036145,53.61763296597988,2.0648967551622417,2.0648967551622417,Matthew Stafford,-7.015095357111235,-3.0150953571112353,4.0
00-0026498,2023,70.10482992723729,512.3,564,0.13684331432214972,59.732081289964725,00-0026498,63.5,62.9,564,30.0,14.0,2.0,4.0,7.785714285714286,1895.0,3965.0,518.0,5.474452554744526,47.793190416141236,2.8368794326241136,0.7092198581560284,Matthew Stafford,-3.767918710035275,-3.1679187100352735,0.6000000000000014
00-0026498,2024,37.301643413628845,515.4,559,0.07237416261860467,53.60324668601326,00-0026498,61.5,59.8,559,28.0,3.0,12.0,7.0,7.498062015503876,1726.0,3762.0,516.0,5.147058823529411,45.879851143009034,2.6833631484794274,1.2522361359570662,Matthew Stafford,-7.896753313986743,-6.19675331398674,1.7000000000000028
00-0026498,2025,139.5262801305187,573.9,629,0.24311949839783709,69.13259749561506,00-0026498,71.2,71.0,629,23.0,7.0,5.0,9.0,9.306397306397306,1850.0,4707.0,594.0,3.727714748784441,39.30316549819418,1.9077901430842605,1.4308426073131957,Matthew Stafford,-2.067402504384944,-1.8674025043849412,0.20000000000000284
00-0027939,2020,25.27029552150287,480.6,524,0.052580723099256904,51.69047911859332,00-0027939,39.4,40.9,524,31.0,20.0,106.0,13.0,6.819672131147541,1258.0,2657.0,366.0,7.8085642317380355,47.34663153933007,24.045801526717558,2.480916030534351,Cam Newton,12.290479118593325,10.790479118593325,-1.5
00-0027973,2019,5.284128451571007,497.6,582,0.01061922920331794,47.62600204924333,00-0027973,42.1,38.9,582,37.0,10.0,14.0,14.0,8.21113243761996,1547.0,3494.0,521.0,6.630824372759856,44.275901545506585,4.123711340206185,2.405498281786942,Andy Dalton,5.526002049243331,8.726002049243334,3.200000000000003
00-0027973,2020,4.02338800232202,337.5,381,0.011921149636509688,47.751914539227734,00-0027973,46.1,42.3,381,24.0,15.0,9.0,3.0,6.873873873873874,1043.0,2170.0,333.0,6.722689075630252,48.064516129032256,6.299212598425196,0.7874015748031495,Andy Dalton,1.6519145392277323,5.451914539227737,3.8000000000000043
00-0027973,2022,25.964699581449658,375.6,421,0.06912859313485,53.29018191068621,00-0027973,53.1,52.1,421,25.0,11.0,7.0,9.0,7.886243386243386,1318.0,2871.0,378.0,6.20347394540943,45.907349355625215,4.275534441805226,2.137767220902613,Andy Dalton,0.19018191068620638,1.1901819106862064,1.0
00-0029263,2019,105.51113377825054,556.5,621,0.1895977246689138,64.5389145841226,00-0029263,71.5,71.2,621,48.0,45.0,15.0,16.0,9.415204678362572,1723.0,4110.0,513.0,8.55614973262032,41.922141119221415,9.66183574879227,2.576489533011272,Russell Wilson,-6.961085415877406,-6.661085415877409,0.29999999999999716
00-0029263,2020,91.9786592678022,612.5,670,0.15016923962090156,60.96820927830325,00-0029263,67.1,65.6,670,47.0,53.0,12.0,9.0,8.633752244165171,1827.0,4212.0,557.0,7.781456953642383,43.376068376068375,9.701492537313433,1.3432835820895521,Russell Wilson,-6.1317907216967455,-4.6317907216967455,1.5
00-0029263,2021,28.886433547020605,427.1,470,0.06763388795837182,53.14591527403588,00-0029263,60.6,58.5,470,33.0,23.0,14.0,10.0,9.8875,1383.0,3113.0,400.0,7.621247113163972,44.426598136845485,7.872340425531915,2.127659574468085,Russell Wilson,-7.4540847259641225,-5.354084725964121,2.1000000000000014
00-0029263,2022,-25.3126384591699,546.5,585,-0.04631772819610229,42.170830028798754,00-0029263,38.7,40.0,585,55.0,28.0,20.0,7.0,8.846473029045644,1720.0,3524.0,482.0,10.242085661080075,48.80817253121453,8.205128205128204,1.1965811965811968,Russell Wilson,3.4708300287987512,2.170830028798754,-1.2999999999999972
00-0029263,2023,6.619152323061781,488.5,554,0.013549953578427391,47.90948093112429,00-0029263,50.7,50.0,554,45.0,36.0,30.0,18.0,7.196388261851016,1733.0,3070.0,443.0,9.221311475409836,56.44951140065147,11.913357400722022,3.2490974729241873,Russell Wilson,-2.79051906887571,-2.0905190688757074,0.7000000000000028
00-0029263,2024,3.154940571044744,370.4,400,0.008517658129170476,47.42281737925582,00-0029263,47.9,48.9,400,33.0,20.0,13.0,9.0,7.9880239520958085,1122.0,2482.0,334.0,8.991825613079019,45.20547945205479,8.25,2.25,Russell Wilson,-0.4771826207441805,-1.4771826207441805,-1.0
00-0029567,2020,-28.995691702861045,292.6,335,-0.0990966907138108,37.2763837072068,00-0029567,36.0,36.0,335,18.0,3.0,3.0,6.0,8.070967741935483,704.0,1852.0,311.0,5.47112462006079,38.01295896328294,1.791044776119403,1.791044776119403,Nick Foles,1.2763837072067972,1.2763837072067972,0.0
00-0029604,2019,90.90467823085768,438.4,494,0.2073555616579783,66.09825908526877,00-0029604,60.4,61.7,494,28.0,9.0,13.0,16.0,7.637387387387387,1785.0,3603.0,444.0,5.932203389830509,49.54204829308909,4.4534412955465585,3.2388663967611335,Kirk Cousins,5.6982590852687665,4.398259085268762,-1.3000000000000043
00-0029604,2020,104.87474294929925,526.5,577,0.19919229430066335,65.38551888989429,00-0029604,55.8,58.7,577,39.0,17.0,8.0,14.0,7.9980506822612085,1936.0,4265.0,513.0,7.065217391304348,45.392731535756155,4.332755632582322,2.4263431542461005,Kirk Cousins,9.585518889894288,6.685518889894283,-2.9000000000000057
00-0029604,2021,80.57342895162923,563.7,604,0.142936719800655,60.29895048795707,00-0029604,58.3,57.7,604,28.0,15.0,5.0,15.0,8.224820143884893,1813.0,4221.0,556.0,4.794520547945205,42.95190713101161,3.3112582781456954,2.4834437086092715,Kirk Cousins,1.9989504879570745,2.598950487957069,0.5999999999999943
00-0029604,2022,36.33429000788671,628.6,707,0.05780192492505044,52.19574940811393,00-0029604,52.3,54.1,707,46.0,12.0,9.0,10.0,7.5328125,1954.0,4547.0,640.0,6.705539358600583,42.97338904772378,2.9702970297029703,1.4144271570014144,Kirk Cousins,-0.10425059188606411,-1.9042505918860684,-1.8000000000000043
00-0029604,2023,42.43905940748592,311.5,338,0.13624096117973009,59.67590023099384,00-0029604,63.2,65.0,338,17.0,3.0,9.0,9.0,7.284789644012945,996.0,2331.0,309.0,5.214723926380368,42.72844272844273,3.5502958579881656,2.6627218934911245,Kirk Cousins,-3.5240997690061633,-5.32409976900616,-1.7999999999999972
00-0029604,2024,36.97527132327594,464.7,489,0.07956804674688173,54.296115780127906,00-0029604,47.0,47.7,489,28.0,3.0,9.0,16.0,7.514476614699332,1687.0,3508.0,449.0,5.870020964360587,48.09007981755986,2.4539877300613497,3.2719836400818,Kirk Cousins,7.296115780127906,6.596115780127903,-0.7000000000000028
00-0029701,2019,86.08511063988253,303.9,340,0.28326788627799454,72.35166469466358,00-0029701,64.2,67.2,340,31.0,15.0,11.0,7.0,9.678445229681978,1224.0,2742.0,283.0,9.872611464968154,44.63894967177243,7.647058823529412,2.0588235294117645,Ryan Tannehill,8.15166469466358,5.15166469466358,-3.0
00-0029701,2020,139.8966637204277,481.5,540,0.2905434345180222,72.91232346710149,00-0029701,72.6,74.0,540,24.0,20.0,15.0,9.0,8.365904365904365,1529.0,3819.0,481.0,4.752475247524752,40.03665881120712,6.481481481481481,1.6666666666666667,Ryan Tannehill,0.3123234671014927,-1.087676532898513,-1.4000000000000057
00-0029701,2021,78.63493398436714,552.7,623,0.1422741704077567,60.237444406240556,00-0029701,61.8,61.5,623,47.0,19.0,27.0,17.0,7.460377358490566,1778.0,3734.0,530.0,8.145580589254767,47.616497054097486,7.3836276083467105,2.7287319422150884,Ryan Tannehill,-1.5625555937594413,-1.2625555937594442,0.29999999999999716
00-0029701,2022,44.59760068996163,345.9,380,0.12893206328407528,58.99222137736386,00-0029701,51.2,51.2,380,33.0,13.0,10.0,5.0,7.814814814814815,1179.0,2536.0,324.0,9.243697478991598,46.49053627760252,6.052631578947368,1.3157894736842104,Ryan Tannehill,7.792221377363859,7.792221377363859,0.0
00-0030565,2022,56.649883604846224,612.2,673,0.09253492911605067,55.540638064784325,00-0030565,62.8,64.5,673,46.0,33.0,23.0,12.0,7.563157894736842,1780.0,4282.0,571.0,7.455429497568882,41.56936011209715,8.320950965824665,1.7830609212481425,Geno Smith,-7.259361935215672,-8.959361935215675,-1.7000000000000028
00-0030565,2023,38.730709138923864,523.4,554,0.07399829793451254,53.75980435217401,00-0030565,59.5,59.8,554,31.0,20.0,8.0,5.0,7.070707070707071,1714.0,3624.0,495.0,5.893536121673003,47.29580573951434,5.054151624548736,0.9025270758122743,Geno Smith,-5.740195647825992,-6.040195647825989,-0.29999999999999716
00-0030565,2024,32.29233720228579,600.9,666,0.05373995207569612,51.80269444817461,00-0030565,50.4,51.2,666,50.0,24.0,16.0,15.0,6.940972222222222,2133.0,4320.0,576.0,7.987220447284344,49.375,6.006006006006006,2.2522522522522523,Geno Smith,1.4026944481746142,0.6026944481746099,-0.8000000000000043
00-0030565,2025,-57.19740295453764,472.1,536,-0.12115526997360228,35.299622857348496,00-0030565,34.1,33.0,536,55.0,18.0,17.0,7.0,6.195067264573991,1713.0,3025.0,446.0,10.978043912175648,56.628099173553714,6.529850746268656,1.3059701492537312,Geno Smith,1.1996228573484942,2.2996228573484956,1.1000000000000014
00-0031237,2020,48.60134435159,501.9,566,0.09683471677941821,55.95186686589637,00-0031237,56.8,57.0,566,31.0,37.0,8.0,9.0,7.1571428571428575,1881.0,3733.0,490.0,5.950095969289827,50.388427538173055,7.950530035335689,1.5901060070671376,Teddy Bridgewater,-0.8481331341036267,-1.0481331341036295,-0.20000000000000284
00-0031237,2021,59.41382603235751,420.5,481,0.14129328426244356,60.14632698820068,00-0031237,53.4,56.8,481,31.0,15.0,9.0,3.0,8.03755868544601,1387.0,3052.0,426.0,6.783369803063458,45.44560943643513,4.98960498960499,0.6237006237006237,Teddy Bridgewater,6.746326988200678,3.34632698820068,-3.3999999999999986
00-0031280,2019,101.49602280423491,490.2,560,0.20705023011879828,66.07172892947699,00-0031280,64.1,65.6,560,29.0,14.0,6.0,14.0,6.567514677103718,2126.0,4054.0,511.0,5.37037037037037,52.442032560434136,3.571428571428571,2.5,Derek Carr,1.9717289294769955,0.4717289294769955,-1.5
00-0031280,2020,99.93020504885877,537.5,570,0.1859166605560163,64.21163788221216,00-0031280,64.3,66.2,570,26.0,23.0,8.0,15.0,8.153996101364523,1956.0,4103.0,513.0,4.823747680890538,47.67243480380209,5.43859649122807,2.631578947368421,Derek Carr,-0.0883621177878382,-1.9883621177878439,-1.9000000000000057
00-0031280,2021,65.8450364002187,631.8,693,0.10421816460939966,56.6560827700303,00-0031280,58.4,59.8,693,40.0,17.0,13.0,20.0,8.16051364365971,2283.0,4804.0,623.0,6.033182503770739,47.52289758534555,4.329004329004329,2.886002886002886,Derek Carr,-1.7439172299696963,-3.143917229969695,-1.3999999999999986
00-0031280,2022,46.10336942802066,506.9,548,0.09095160668380482,55.38901571770656,00-0031280,57.6,56.7,548,27.0,14.0,5.0,9.0,9.167330677290837,1509.0,3522.0,502.0,5.103969754253308,42.84497444633731,3.4671532846715327,1.6423357664233578,Derek Carr,-2.2109842822934382,-1.3109842822934397,0.8999999999999986
00-0031280,2023,24.1208034395173,534.9,593,0.045094042698667604,50.96539462684306,00-0031280,56.5,58.4,593,31.0,9.0,5.0,7.0,7.810218978102189,1696.0,3878.0,548.0,5.354058721934369,43.73388344507478,2.360876897133221,1.1804384485666104,Derek Carr,-5.534605373156943,-7.434605373156941,-1.8999999999999986
00-0031345,2019,85.51381226347587,504.5,540,0.1695021055767609,62.7364215148469,00-0031345,60.8,62.1,540,36.0,12.0,18.0,15.0,6.556962025316456,2159.0,3978.0,474.0,7.0588235294117645,54.27350427350427,5.555555555555555,2.7777777777777777,Jimmy Garoppolo,1.9364215148469057,0.6364215148469015,-1.3000000000000043
00-0031345,2021,94.85549108095334,441.8,493,0.2147023338183643,66.73354032946594,00-0031345,59.2,58.0,493,29.0,6.0,20.0,18.0,7.550228310502283,1958.0,3810.0,438.0,6.209850107066381,51.39107611548557,5.273833671399594,3.6511156186612577,Jimmy Garoppolo,7.533540329465936,8.733540329465939,1.2000000000000028
00-0031345,2022,70.41904671946418,309.2,344,0.22774594669943138,67.84647807690729,00-0031345,56.3,58.3,344,18.0,3.0,15.0,6.0,6.896103896103896,1443.0,2437.0,308.0,5.521472392638037,59.21214608124743,5.232558139534884,1.744186046511628,Jimmy Garoppolo,11.546478076907292,9.546478076907292,-2.0
00-0031503,2019,77.63837861275913,644.1,716,0.1205377714838676,58.20272022116441,00-0031503,55.7,59.1,716,47.0,33.0,12.0,15.0,10.386217948717949,1885.0,5109.0,624.0,7.004470938897168,36.895674300254456,6.284916201117319,2.094972067039106,Jameis Winston,2.5027202211644095,-0.8972797788355891,-3.3999999999999986
00-0031503,2024,8.62850587950382,299.8,343,0.02878087351402208,49.38447335800062,00-0031503,52.2,49.4,343,24.0,8.0,16.0,7.0,8.94915254237288,765.0,2121.0,295.0,7.523510971786834,36.06789250353607,6.997084548104956,2.0408163265306123,Jameis Winston,-2.8155266419993836,-0.015526641999379365,2.8000000000000043
00-0031800,2021,3.5104192600632267,531.8,580,0.006601014027948903,47.23758607686276,00-0031800,45.8,47.4,580,38.0,40.0,10.0,12.0,7.696537678207739,1747.0,3419.0,491.0,7.183364839319471,51.09681193331384,8.620689655172415,2.0689655172413794,Taylor Heinicke,1.4375860768627646,-0.1624139231372368,-1.6000000000000014
00-0032268,2022,23.507834528399876,364.3,400,0.0645287799297279,52.846049628564586,00-0032268,57.7,57.1,400,28.0,27.0,49.0,11.0,10.449324324324325,912.0,2219.0,296.0,8.641975308641975,41.09959441189725,19.0,2.75,Marcus Mariota,-4.853950371435417,-4.253950371435415,0.6000000000000014
00-0032950,2019,42.35456976849986,634.1,697,0.06679477963806947,53.06490262417752,00-0032950,62.8,64.8,697,37.0,28.0,26.0,22.0,8.08099173553719,1805.0,4039.0,606.0,5.7542768273716955,44.68927952463481,7.747489239598278,3.1563845050215207,Carson Wentz,-9.735097375822477,-11.735097375822477,-2.0
00-0032950,2020,-56.29546766485198,487.1,536,-0.11557271128074723,35.79547305144626,00-0032950,41.9,37.1,536,50.0,22.0,28.0,12.0,8.876146788990825,996.0,2620.0,436.0,10.2880658436214,38.01526717557252,9.328358208955224,2.2388059701492535,Carson Wentz,-6.10452694855374,-1.3045269485537432,4.799999999999997
00-0032950,2021,38.44019726393661,532.9,593,0.07213397872759732,53.58008818211278,00-0032950,60.6,60.5,593,32.0,26.0,19.0,13.0,7.62984496124031,1650.0,3563.0,516.0,5.839416058394161,46.30928992422116,7.588532883642496,2.1922428330522767,Carson Wentz,-7.01991181788722,-6.919911817887218,0.10000000000000142
00-0032950,2022,-29.29996803490731,264.1,320,-0.110942703653568,36.209040059694885,00-0032950,34.4,36.0,320,26.0,12.0,6.0,7.0,7.778985507246377,826.0,1755.0,276.0,8.609271523178808,47.065527065527064,5.625,2.1875,Carson Wentz,1.8090400596948868,0.20904005969488537,-1.6000000000000014
00-0033077,2019,129.29763908470832,572.9,660,0.22568971737599638,67.67233075968001,00-0033077,71.9,72.8,660,23.0,20.0,22.0,11.0,9.433613445378151,1880.0,4902.0,595.0,3.7216828478964405,38.35169318645451,6.363636363636363,1.6666666666666667,Dak Prescott,-4.227669240319997,-5.127669240319989,-0.8999999999999915
00-0033077,2021,98.1811766670374,583.7,661,0.16820485980304506,62.61877547385704,00-0033077,60.5,63.2,661,30.0,20.0,15.0,20.0,7.766778523489933,2014.0,4449.0,596.0,4.792332268370607,45.26859968532255,5.29500756429652,3.0257186081694405,Dak Prescott,2.118775473857042,-0.5812245261429609,-2.700000000000003
00-0033077,2022,59.57909878937938,417.8,450,0.14260195976395257,60.26787794944175,00-0033077,59.9,62.0,450,20.0,15.0,21.0,5.0,8.180203045685278,1212.0,2860.0,394.0,4.830917874396135,42.37762237762237,8.0,1.1111111111111112,Dak Prescott,0.36787794944174834,-1.732122050558253,-2.1000000000000014
00-0033077,2023,138.30466483317176,589.4,672,0.23465331664942612,68.42783866568888,00-0033077,72.7,75.3,672,39.0,27.0,16.0,9.0,7.761016949152542,1963.0,4516.0,590.0,6.200317965023848,43.46767050487157,6.398809523809524,1.3392857142857142,Dak Prescott,-4.2721613343111215,-6.872161334311116,-2.5999999999999943
00-0033077,2024,6.929267115887398,271.3,316,0.025540977205629922,49.070538594348555,00-0033077,41.9,41.7,316,21.0,6.0,5.0,8.0,7.98943661971831,939.0,1978.0,284.0,6.885245901639345,47.47219413549039,3.481012658227848,2.5316455696202533,Dak Prescott,7.170538594348557,7.370538594348552,0.19999999999999574
00-0033077,2025,117.96387688057048,597.9,665,0.19729700097101605,65.21903258552878,00-0033077,70.2,71.2,665,31.0,26.0,11.0,14.0,8.06030150753769,2021.0,4552.0,597.0,4.936305732484077,44.39806678383128,5.56390977443609,2.1052631578947367,Dak Prescott,-4.980967414471223,-5.980967414471223,-1.0
00-0033106,2019,77.17140410491841,593.4,668,0.13004955191256895,59.096984315571554,00-0033106,50.6,50.2,668,22.0,10.0,10.0,13.0,7.7456,2244.0,4638.0,625.0,3.400309119010819,48.38292367399741,2.9940119760479043,1.9461077844311379,Jared Goff,8.496984315571552,8.896984315571551,0.3999999999999986
00-0033106,2020,42.06947674101242,545.1,607,0.07717753942581622,54.06604832726507,00-0033106,50.8,49.2,607,23.0,22.0,12.0,11.0,6.507272727272727,2148.0,3952.0,550.0,4.013961605584642,54.35222672064778,5.601317957166392,1.8121911037891267,Jared Goff,3.266048327265075,4.866048327265069,1.5999999999999943
00-0033106,2021,-28.862821408243725,461.0,541,-0.06260915706777381,40.63866391580688,00-0033106,45.5,43.4,541,35.0,11.0,6.0,11.0,6.441717791411043,1744.0,3245.0,489.0,6.679389312977099,53.7442218798151,3.1423290203327174,2.033271719038817,Jared Goff,-4.86133608419312,-2.7613360841931183,2.1000000000000014
00-0033106,2022,96.85947086758172,547.2,628,0.1770092669363701,63.41424412550134,00-0033106,63.3,64.8,628,23.0,15.0,4.0,9.0,7.046075085324232,2271.0,4438.0,586.0,3.776683087027915,51.17169896349707,3.0254777070063694,1.4331210191082804,Jared Goff,0.11424412550134377,-1.3857558744986562,-1.5
00-0033106,2023,93.16734223957761,557.4,644,0.1671462903472867,62.52266400806166,00-0033106,60.3,60.8,644,30.0,7.0,6.0,12.0,6.762063227953411,2147.0,4575.0,601.0,4.754358161648177,46.92896174863388,2.018633540372671,1.8633540372670807,Jared Goff,2.2226640080616633,1.7226640080616633,-0.5
00-0033106,2024,150.20677388184944,514.4,587,0.29200383725087375,73.02399810563075,00-0033106,65.4,64.1,587,31.0,14.0,6.0,8.0,6.360074626865671,2544.0,4629.0,536.0,5.467372134038801,54.957874270900845,3.4071550255536627,1.362862010221465,Jared Goff,7.623998105630747,8.923998105630758,1.3000000000000114
00-0033106,2025,87.9016940983345,556.0,625,0.15809657211930667,61.69704030473787,00-0033106,57.3,58.6,625,38.0,5.0,6.0,7.0,6.453125,2411.0,4564.0,576.0,6.188925081433225,52.82646801051709,1.76,1.1199999999999999,Jared Goff,4.397040304737871,3.0970403047378667,-1.3000000000000043
00-0033119,2019,39.4577747153876,471.7,518,0.08365014779603053,54.68855716084481,00-0033119,52.1,54.1,518,27.0,32.0,15.0,12.0,7.9842342342342345,1519.0,2942.0,444.0,5.7324840764331215,51.63154316791299,9.073359073359073,2.3166023166023164,Jacoby Brissett,2.5885571608448075,0.5885571608448075,-2.0
00-0033119,2022,40.693887293616136,394.8,434,0.10307468919355657,56.54718916296469,00-0033119,62.0,61.4,434,24.0,23.0,21.0,9.0,8.797814207650273,1063.0,2608.0,366.0,6.153846153846154,40.75920245398773,10.138248847926267,2.0737327188940093,Jacoby Brissett,-5.452810837035308,-4.852810837035307,0.6000000000000014
00-0033119,2025,21.396029188757023,476.3,563,0.0449213293906299,50.94866138583894,00-0033119,41.2,42.6,563,43.0,22.0,14.0,6.0,7.6384297520661155,1557.0,3366.0,484.0,8.159392789373813,46.25668449197861,6.394316163410302,1.0657193605683837,Jacoby Brissett,9.748661385838936,8.348661385838938,-1.3999999999999986
00-0033319,2020,5.302303417368013,299.3,349,0.017715681314293394,48.31264482874512,00-0033319,36.3,31.3,349,19.0,2.0,2.0,6.0,6.2975460122699385,1236.0,2437.0,326.0,5.507246376811594,50.71809601969635,1.146131805157593,1.7191977077363898,Nick Mullens,12.012644828745124,17.01264482874512,4.9999999999999964
00-0033537,2019,104.44106876860394,555.1,608,0.1881482053118428,64.41020083994604,00-0033537,70.5,71.2,608,44.0,43.0,28.0,13.0,8.96551724137931,1672.0,3852.0,493.0,8.193668528864059,43.40602284527518,11.677631578947368,2.138157894736842,Deshaun Watson,-6.089799160053957,-6.78979916005396,-0.7000000000000028
00-0033537,2020,138.56671763874058,606.9,671,0.228318862479388,67.89491178807187,00-0033537,63.7,65.3,671,49.0,62.0,18.0,15.0,8.933579335793358,1949.0,4823.0,542.0,8.29103214890017,40.41053286336305,11.922503725782414,2.235469448584203,Deshaun Watson,4.194911788071863,2.594911788071869,-1.5999999999999943
00-0033662,2024,-14.601148413789046,297.0,339,-0.04916211587134359,41.90214583564408,00-0033662,37.7,39.7,339,13.0,4.0,15.0,12.0,6.960912052117264,942.0,1844.0,307.0,4.0625,51.084598698481564,5.604719764011799,3.5398230088495577,Cooper Rush,4.202145835644075,2.2021458356440746,-2.0
00-0033869,2019,-26.343533618833117,530.6,593,-0.04964857447951963,41.856241976556305,00-0033869,41.5,42.6,593,38.0,22.0,20.0,6.0,8.005847953216374,1403.0,3138.0,513.0,6.896551724137931,44.7100063734863,7.082630691399664,1.0118043844856661,Mitchell Trubisky,0.35624197655630496,-0.7437580234436965,-1.1000000000000014
00-0033869,2020,41.82196789576699,296.1,348,0.14124271494686588,60.141627543166976,00-0033869,53.8,57.1,348,18.0,17.0,16.0,8.0,7.828282828282828,1003.0,2055.0,297.0,5.714285714285714,48.80778588807786,9.482758620689655,2.2988505747126435,Mitchell Trubisky,6.341627543166979,3.0416275431669746,-3.3000000000000043
00-0033873,2019,155.9227568245159,480.0,532,0.3248390767177414,75.45699733756317,00-0033873,77.7,79.4,532,17.0,23.0,8.0,8.0,8.84504132231405,1924.0,4031.0,484.0,3.3932135728542914,47.730091788638056,5.827067669172932,1.5037593984962405,Patrick Mahomes,-2.2430026624368367,-3.9430026624368395,-1.7000000000000028
00-0033873,2020,204.6510414650364,606.7,657,0.33731834756063356,76.34188889560457,00-0033873,78.1,80.4,657,22.0,40.0,8.0,13.0,8.37649063032368,2241.0,4740.0,587.0,3.6124794745484397,47.27848101265823,7.30593607305936,1.97869101978691,Patrick Mahomes,-1.7581111043954252,-4.0581111043954365,-2.3000000000000114
00-0033873,2021,160.75576370746109,657.7,737,0.244421109483748,69.24017403978307,00-0033873,67.7,68.4,737,28.0,46.0,4.0,13.0,7.338905775075988,2690.0,4839.0,658.0,4.081632653061225,55.589997933457326,6.7842605156037985,1.7639077340569878,Patrick Mahomes,1.5401740397830679,0.840174039783065,-0.7000000000000028
00-0033873,2022,219.0990627294015,674.2,726,0.3249763612124021,75.46685248786001,00-0033873,79.0,79.0,726,26.0,46.0,6.0,10.0,7.276234567901234,2827.0,5250.0,648.0,3.857566765578635,53.84761904761904,7.162534435261708,1.3774104683195594,Patrick Mahomes,-3.5331475121399905,-3.5331475121399905,0.0
00-0033873,2023,93.58807117964814,614.7,676,0.15224999378501405,61.16000090903901,00-0033873,63.1,65.1,676,27.0,50.0,4.0,15.0,6.509243697478992,2548.0,4183.0,595.0,4.340836012861737,60.91322017690652,7.988165680473373,2.2189349112426036,Patrick Mahomes,-1.9399990909609883,-3.939999090960981,-1.999999999999993
00-0033873,2024,115.77725102569087,619.1,653,0.18700896628281516,64.30889272678182,00-0033873,64.6,66.0,653,36.0,37.0,1.0,5.0,6.3592400690846285,2275.0,3928.0,579.0,5.853658536585367,57.91751527494908,5.819295558958652,0.7656967840735069,Patrick Mahomes,-0.29110727321817365,-1.6911072732181793,-1.4000000000000057
00-0033873,2025,93.35387523520754,543.3,590,0.1718274898494525,62.94693073515083,00-0033873,68.5,67.8,590,34.0,52.0,3.0,7.0,8.1,1895.0,3587.0,500.0,6.367041198501873,52.8296626707555,9.322033898305085,1.1864406779661016,Patrick Mahomes,-5.553069264849171,-4.853069264849168,0.7000000000000028
00-0033949,2023,-47.93904715288314,463.2,519,-0.10349535222988589,36.87854501036916,00-0033949,51.8,51.7,519,30.0,34.0,38.0,14.0,7.961630695443645,1003.0,2464.0,417.0,6.7114093959731544,40.70616883116883,13.872832369942195,2.697495183044316,Joshua Dobbs,-14.921454989630838,-14.821454989630844,0.09999999999999432
00-0034577,2019,-13.074735178625222,468.1,561,-0.027931500061151936,43.91814303112787,00-0034577,38.3,39.7,561,46.0,19.0,8.0,14.0,8.174180327868852,1647.0,3322.0,488.0,8.614232209737828,49.578567128236,4.81283422459893,2.4955436720142603,Kyle Allen,5.618143031127872,4.218143031127866,-1.4000000000000057
00-0034771,2019,-18.03671743873079,294.9,312,-0.06116214797806304,40.77406269050501,00-0034771,36.2,36.8,312,15.0,10.0,4.0,9.0,8.07773851590106,934.0,1765.0,283.0,5.033557046979865,52.917847025495746,4.487179487179487,2.8846153846153846,Mason Rudolph,4.574062690505009,3.974062690505015,-0.5999999999999943
00-0034796,2019,167.5127710748456,505.6,579,0.3313148162081598,75.91895328636144,00-0034796,83.0,82.3,579,23.0,37.0,120.0,10.0,8.884711779448622,1360.0,3127.0,399.0,5.450236966824645,43.492165014390785,27.11571675302245,1.7271157167530224,Lamar Jackson,-7.081046713638557,-6.381046713638554,0.7000000000000028
00-0034796,2020,101.02994280737734,477.4,554,0.2116253515026756,66.46819481158825,00-0034796,67.3,68.4,554,29.0,49.0,103.0,15.0,8.707774798927614,1159.0,2757.0,373.0,7.213930348258707,42.038447587957926,27.436823104693143,2.707581227436823,Lamar Jackson,-0.8318051884117494,-1.931805188411758,-1.1000000000000085
00-0034796,2021,41.0547462123835,501.7,543,0.08183126611995914,54.513764172329665,00-0034796,56.8,56.8,543,38.0,49.0,78.0,11.0,9.34920634920635,1150.0,2882.0,378.0,9.134615384615383,39.90284524635669,23.388581952117864,2.0257826887661143,Lamar Jackson,-2.286235827670332,-2.286235827670332,0.0
00-0034796,2022,52.186012159301214,424.3,451,0.12299319387061328,58.4341123882127,00-0034796,61.1,58.7,451,26.0,26.0,74.0,8.0,8.473846153846154,974.0,2242.0,325.0,7.4074074074074066,43.44335414808207,22.172949002217297,1.7738359201773837,Lamar Jackson,-2.665887611787305,-0.26588761178730635,2.3999999999999986
00-0034796,2023,79.96607759516965,580.3,632,0.13780127105836576,59.821376607335544,00-0034796,64.7,64.9,632,37.0,66.0,73.0,19.0,8.421052631578947,1749.0,3678.0,456.0,7.505070993914807,47.55301794453508,21.99367088607595,3.0063291139240507,Lamar Jackson,-4.878623392664458,-5.078623392664461,-0.20000000000000284
00-0034796,2024,176.61794476677537,564.1,619,0.3130968707086959,74.60421797043597,00-0034796,74.8,75.0,619,23.0,46.0,80.0,13.0,8.754797441364605,2084.0,4172.0,469.0,4.67479674796748,49.95206136145733,20.35541195476575,2.10016155088853,Lamar Jackson,-0.1957820295640289,-0.39578202956403175,-0.20000000000000284
00-0034796,2025,41.90502100903845,366.7,394,0.1142760322035409,57.61101696196019,00-0034796,62.7,61.1,394,36.0,30.0,28.0,7.0,8.826666666666666,1064.0,2549.0,300.0,10.714285714285714,41.74185955276579,14.720812182741117,1.7766497461928936,Lamar Jackson,-5.088983038039814,-3.4889830380398124,1.6000000000000014
00-0034855,2019,12.793489364657178,527.2,597,0.024266861465586452,48.94709988715141,00-0034855,54.4,51.2,597,40.0,17.0,8.0,8.0,8.488721804511279,1820.0,3827.0,532.0,6.993006993006993,47.55683302848184,4.1876046901172534,1.340033500837521,Baker Mayfield,-5.452900112848589,-2.252900112848593,3.1999999999999957
00-0034855,2020,100.65063591712462,489.8,547,0.20549333588633037,65.9362941888845,00-0034855,65.5,65.0,547,26.0,25.0,15.0,15.0,8.596673596673597,1361.0,3563.0,481.0,5.128205128205128,38.19814762840303,7.312614259597806,2.742230347349177,Baker Mayfield,0.4362941888845029,0.9362941888845029,0.5
00-0034855,2021,6.8404328072622,441.3,488,0.01550064085035622,48.098239985218,00-0034855,40.9,40.6,488,43.0,25.0,4.0,9.0,8.795673076923077,1370.0,3010.0,416.0,9.368191721132897,45.51495016611295,5.942622950819672,1.8442622950819672,Baker Mayfield,7.198239985218002,7.4982399852179995,0.29999999999999716
00-0034855,2022,-53.57048083764696,340.4,396,-0.1573750905923824,32.16254823082475,00-0034855,26.3,25.9,396,36.0,15.0,11.0,13.0,6.81437125748503,1131.0,2163.0,334.0,9.72972972972973,52.28848821081831,6.565656565656567,3.2828282828282833,Baker Mayfield,5.862548230824746,6.262548230824748,0.40000000000000213
00-0034855,2023,54.94092767051028,581.9,647,0.0944164421215162,55.72068150516814,00-0034855,54.3,55.8,647,40.0,30.0,11.0,16.0,8.558303886925795,1927.0,4044.0,566.0,6.6006600660066,47.65084075173096,6.3369397217928904,2.472952086553323,Baker Mayfield,1.4206815051681403,-0.07931849483185971,-1.5
00-0034855,2024,115.61808693779456,588.3,662,0.19652912958999585,65.15147496100741,00-0034855,58.4,61.4,662,40.0,42.0,11.0,17.0,6.978910369068541,2430.0,4500.0,569.0,6.568144499178982,54.0,8.006042296072508,2.56797583081571,Baker Mayfield,6.7514749610074105,3.7514749610074105,-3.0
00-0034855,2025,49.68334486505631,571.8,625,0.08688937541982567,54.99955536994499,00-0034855,61.3,60.1,625,36.0,42.0,5.0,13.0,8.129151291512915,1923.0,3693.0,542.0,6.228373702422145,52.071486596263206,7.5200000000000005,2.08,Baker Mayfield,-6.300444630055004,-5.100444630055009,1.1999999999999957
00-0034857,2019,20.21129337486351,555.1,592,0.03641018442598362,50.12387482111799,00-0034857,49.4,47.9,592,38.0,44.0,52.0,14.0,9.305676855895197,1340.0,3089.0,458.0,7.661290322580645,43.37973454192296,16.216216216216218,2.364864864864865,Josh Allen,0.7238748211179882,2.223874821117988,1.5
00-0034857,2020,173.4693757363451,604.1,678,0.28715341125036437,72.65197667195004,00-0034857,76.6,77.3,678,26.0,29.0,51.0,12.0,8.491258741258742,1871.0,4544.0,572.0,4.3478260869565215,41.17517605633803,11.799410029498524,1.7699115044247788,Josh Allen,-3.948023328049956,-4.648023328049959,-0.7000000000000028
00-0034857,2021,115.48397411057465,699.7,782,0.16504784066110426,62.33184641619447,00-0034857,66.3,67.4,782,26.0,46.0,64.0,16.0,8.196594427244582,1735.0,4407.0,646.0,3.869047619047619,39.3691853868845,14.066496163682865,2.0460358056265986,Josh Allen,-3.968153583805524,-5.0681535838055325,-1.1000000000000085
00-0034857,2022,160.53779114481014,658.6,706,0.24375613596235976,69.1852408270309,00-0034857,73.4,75.7,706,33.0,51.0,56.0,16.0,9.23851590106007,1588.0,4283.0,566.0,5.509181969949917,37.07681531636703,15.155807365439095,2.26628895184136,Josh Allen,-4.21475917296911,-6.514759172969107,-2.299999999999997
00-0034857,2023,128.64379620397298,642.7,703,0.20016150023957208,65.47051075519984,00-0034857,69.6,68.6,703,24.0,48.0,54.0,12.0,8.701906412478337,1973.0,4306.0,577.0,3.9933444259567388,45.819786344635396,14.509246088193455,1.7069701280227598,Josh Allen,-4.129489244800155,-3.129489244800155,1.0
00-0034857,2024,167.78233006992207,529.8,590,0.31668993973182724,74.8672272256995,00-0034857,74.8,74.1,590,14.0,43.0,51.0,7.0,8.344398340248963,1998.0,3731.0,482.0,2.82258064516129,53.551326722058434,15.932203389830507,1.1864406779661016,Josh Allen,0.06722722569949724,0.7672272256995001,0.7000000000000028
00-0034857,2025,104.37104106443861,532.4,593,0.19603876984304774,65.10830100535334,00-0034857,65.4,65.1,593,40.0,48.0,46.0,11.0,7.318082788671024,1897.0,3668.0,459.0,8.016032064128256,51.717557251908396,15.851602023608768,1.854974704890388,Josh Allen,-0.2916989946466657,0.008301005353345658,0.30000000000001137
00-0034869,2019,-2.008385296771578,425.8,492,-0.004716733905053025,46.14551698591546,00-0034869,45.6,43.5,492,33.0,9.0,11.0,15.0,8.553530751708427,1478.0,3024.0,439.0,6.991525423728813,48.87566137566138,4.0650406504065035,3.048780487804878,Sam Darnold,0.5455169859154552,2.6455169859154566,2.1000000000000014
00-0034869,2020,-37.327950068463984,372.7,426,-0.10015548717055,37.18046057112113,00-0034869,32.9,33.1,426,35.0,26.0,4.0,6.0,7.742382271468144,1158.0,2208.0,361.0,8.83838383838384,52.44565217391305,7.042253521126761,1.4084507042253522,Sam Darnold,4.280460571121132,4.0804605711211295,-0.20000000000000284
00-0034869,2021,-39.25960866598219,413.0,481,-0.09505958514765664,37.64304510546811,00-0034869,38.8,37.9,481,35.0,23.0,17.0,11.0,7.239506172839506,1385.0,2527.0,406.0,7.936507936507936,54.80807281361299,8.316008316008316,2.2869022869022873,Sam Darnold,-1.1569548945318857,-0.25695489453188713,0.8999999999999986
00-0034869,2024,81.22154890969378,572.6,637,0.14184692439695037,60.19776494285467,00-0034869,57.3,56.9,637,48.0,28.0,17.0,13.0,8.46875,1752.0,4319.0,544.0,8.108108108108109,40.56494558925677,7.064364207221351,2.0408163265306123,Sam Darnold,2.8977649428546712,3.29776494285467,0.3999999999999986
00-0034869,2025,77.44259651997017,465.5,522,0.16636433194408198,62.45160358285656,00-0034869,55.6,56.1,522,27.0,14.0,8.0,18.0,7.930232558139535,1778.0,4048.0,473.0,5.4,43.92292490118577,4.21455938697318,3.4482758620689653,Sam Darnold,6.851603582856562,6.351603582856562,-0.5
00-0035228,2019,28.46817958394426,608.4,670,0.04679187965802804,51.129876594266,00-0035228,57.7,58.0,670,48.0,28.0,56.0,9.0,7.537174721189591,1846.0,3722.0,538.0,8.19112627986348,49.59699086512628,12.53731343283582,1.3432835820895521,Kyler Murray,-6.570123405734002,-6.870123405733999,-0.29999999999999716
00-0035228,2020,86.56623786912726,639.6,701,0.135344336881062,59.592225713366794,00-0035228,61.9,61.3,701,27.0,50.0,74.0,15.0,7.918181818181818,1745.0,3971.0,550.0,4.679376083188909,43.94359103500378,17.68901569186876,2.1398002853067046,Kyler Murray,-2.3077742866332045,-1.707774286633203,0.6000000000000014
00-0035228,2021,79.67467676213884,525.3,593,0.15167461786053466,61.10700043889787,00-0035228,63.2,61.5,593,31.0,29.0,52.0,17.0,7.948024948024948,1782.0,3787.0,481.0,6.0546875,47.05571692632691,13.659359190556492,2.866779089376054,Kyler Murray,-2.0929995611021326,-0.39299956110212975,1.7000000000000028
00-0035228,2022,-0.7077877454297936,413.7,474,-0.001710871997654807,46.43524066849884,00-0035228,53.6,55.3,474,25.0,25.0,37.0,12.0,6.919896640826873,1254.0,2368.0,387.0,6.067961165048544,52.95608108108109,13.080168776371309,2.5316455696202533,Kyler Murray,-7.164759331501159,-8.864759331501155,-1.6999999999999957
00-0035228,2023,9.596217484750753,286.0,325,0.033553207988639,49.84697739601686,00-0035228,47.2,49.0,325,18.0,16.0,24.0,9.0,7.247191011235955,977.0,1799.0,267.0,6.315789473684211,54.30794886047804,12.307692307692308,2.769230769230769,Kyler Murray,2.646977396016858,0.846977396016861,-1.7999999999999972
00-0035228,2024,75.37287087478441,578.7,641,0.13024515444061588,59.115313305378976,00-0035228,63.4,61.3,641,30.0,41.0,30.0,15.0,6.838888888888889,1968.0,3851.0,540.0,5.263157894736842,51.10360945209037,11.076443057722308,2.3400936037441498,Kyler Murray,-4.284686694621023,-2.1846866946210213,2.1000000000000014
00-0035289,2019,6.808703778042018,479.6,557,0.014196630062639737,47.972050498261346,00-0035289,44.6,47.2,557,33.0,50.0,5.0,14.0,7.402985074626866,1530.0,3271.0,469.0,6.573705179282868,46.774686640171204,9.874326750448834,2.5134649910233393,Gardner Minshew,3.372050498261345,0.7720504982613434,-2.6000000000000014
00-0035289,2020,23.398538967706195,308.6,380,0.0758215779899747,53.93547002742618,00-0035289,44.0,48.2,380,27.0,24.0,3.0,6.0,7.846625766871166,1016.0,2259.0,326.0,7.64872521246459,44.97565294378044,7.105263157894736,1.5789473684210527,Gardner Minshew,9.935470027426177,5.7354700274261745,-4.200000000000003
00-0035289,2023,17.765934223605743,492.7,547,0.036058319918014496,50.08977226998976,00-0035289,59.6,58.0,547,34.0,21.0,2.0,9.0,7.3040816326530615,1566.0,3305.0,490.0,6.488549618320611,47.382753403933435,4.204753199268739,1.6453382084095063,Gardner Minshew,-9.510227730010243,-7.9102277300102415,1.6000000000000014
00-0035289,2024,-33.56789780517451,316.3,347,-0.10612677143589791,36.64139152906291,00-0035289,35.0,33.5,347,29.0,11.0,4.0,6.0,6.099009900990099,1099.0,2013.0,303.0,8.734939759036145,54.59513164431197,4.322766570605188,1.729106628242075,Gardner Minshew,1.6413915290629078,3.1413915290629078,1.5
00-0035704,2020,-5.448323682726651,432.6,497,-0.01259436819862841,45.38750522774619,00-0035704,41.2,46.6,497,19.0,21.0,16.0,15.0,8.866213151927438,1394.0,2933.0,441.0,4.130434782608695,47.52812819638596,7.44466800804829,3.0181086519114686,Drew Lock,4.187505227746186,-1.2124947722538124,-5.399999999999999
00-0035710,2019,5.821353852161974,471.6,538,0.012343837684821828,47.79280014499474,00-0035710,55.7,57.0,538,38.0,27.0,14.0,20.0,8.037037037037036,1390.0,3027.0,459.0,7.645875251509055,45.9200528576148,7.6208178438661704,3.717472118959108,Daniel Jones,-7.90719985500526,-9.207199855005257,-1.2999999999999972
00-0035710,2020,-2.0511473586104483,488.9,542,-0.00419543333730916,46.195745075024014,00-0035710,54.0,49.4,542,45.0,22.0,29.0,14.0,7.616591928251121,1114.0,2943.0,446.0,9.164969450101832,37.85253143051308,9.40959409594096,2.5830258302583027,Daniel Jones,-7.804254924975986,-3.2042549249759844,4.600000000000001
00-0035710,2021,6.10506397353477,397.5,435,0.015358651505747847,48.08449843073246,00-0035710,47.5,50.5,435,22.0,23.0,30.0,11.0,7.333333333333333,1098.0,2428.0,360.0,5.7591623036649215,45.22240527182866,12.183908045977011,2.528735632183908,Daniel Jones,0.5844984307324594,-2.4155015692675406,-3.0
00-0035710,2022,62.35905410639585,565.5,618,0.11027242105463457,57.23153735563986,00-0035710,62.9,64.2,618,44.0,54.0,53.0,10.0,6.492505353319058,1596.0,3205.0,467.0,8.610567514677104,49.79719188767551,17.313915857605178,1.6181229773462782,Daniel Jones,-5.66846264436014,-6.9684626443601445,-1.3000000000000043
00-0035710,2024,-2.2745291705555624,386.1,425,-0.005891036442775349,46.0324000008005,00-0035710,44.4,43.8,425,29.0,15.0,44.0,5.0,7.445103857566766,944.0,2070.0,337.0,7.923497267759563,45.60386473429951,13.882352941176471,1.1764705882352942,Daniel Jones,1.6324000008005015,2.232400000800503,0.6000000000000014
00-0035710,2025,81.40492033535702,401.6,442,0.20270149485895672,65.69277902909218,00-0035710,63.0,62.5,442,22.0,22.0,16.0,11.0,8.047120418848168,1344.0,3101.0,382.0,5.445544554455446,43.340857787810386,8.597285067873303,2.48868778280543,Daniel Jones,2.692779029092179,3.192779029092179,0.5
00-0036212,2020,-1.0307866460120798,287.3,335,-0.0035878407449080395,46.254297270356865,00-0036212,44.8,47.9,335,20.0,16.0,12.0,4.0,7.578397212543554,766.0,1814.0,287.0,6.514657980456026,42.2271223814774,8.358208955223882,1.1940298507462688,Tua Tagovailoa,1.454297270356868,-1.6457027296431335,-3.1000000000000014
00-0036212,2021,29.77987753524402,400.6,437,0.07433818655827264,53.79255846116694,00-0036212,55.7,57.2,437,20.0,18.0,12.0,11.0,7.0671834625323,1231.0,2653.0,387.0,4.914004914004914,46.400301545420284,6.864988558352403,2.517162471395881,Tua Tagovailoa,-1.9074415388330621,-3.407441538833062,-1.5
00-0036212,2022,93.79343434249776,392.0,435,0.23926896515943308,68.81314131583339,00-0036212,70.6,70.1,435,21.0,10.0,5.0,9.0,9.606516290726818,1274.0,3548.0,399.0,5.0,35.90755355129651,3.4482758620689653,2.0689655172413794,Tua Tagovailoa,-1.786858684166603,-1.286858684166603,0.5
00-0036212,2023,109.52447755517898,542.7,612,0.20181403640165646,65.61519743158009,00-0036212,60.8,60.0,612,29.0,16.0,9.0,18.0,7.67562724014337,2176.0,4624.0,558.0,4.940374787052811,47.05882352941176,4.084967320261438,2.941176470588235,Tua Tagovailoa,4.8151974315800885,5.615197431580086,0.7999999999999972
00-0036212,2024,81.15201296672812,386.9,429,0.20974932273643868,66.30590088375592,00-0036212,57.1,58.7,429,21.0,7.0,4.0,10.0,5.720403022670025,1708.0,2867.0,397.0,5.023923444976076,59.57446808510638,2.564102564102564,2.331002331002331,Tua Tagovailoa,9.205900883755923,7.605900883755922,-1.6000000000000014
00-0036212,2025,16.932408750047873,374.2,428,0.045249622528187795,50.98046771439984,00-0036212,37.5,36.9,428,30.0,11.0,5.0,9.0,6.840314136125654,1410.0,2660.0,382.0,7.281553398058252,53.00751879699248,3.7383177570093453,2.102803738317757,Tua Tagovailoa,13.480467714399843,14.080467714399845,0.6000000000000014
00-0036264,2023,86.4144886940274,577.9,645,0.14953190637485275,60.909395459809886,00-0036264,62.1,63.1,645,30.0,24.0,14.0,15.0,8.488734835355286,1917.0,4159.0,577.0,4.942339373970346,46.09281077182015,5.891472868217054,2.3255813953488373,Jordan Love,-1.1906045401901153,-2.1906045401901153,-1.0
00-0036264,2024,65.65497672423999,385.4,457,0.17035541443757132,62.81372527393418,00-0036264,66.3,63.1,457,14.0,12.0,6.0,6.0,8.84,1654.0,3389.0,425.0,3.189066059225513,48.80495721451756,3.938730853391685,1.312910284463895,Jordan Love,-3.4862747260658153,-0.2862747260658196,3.1999999999999957
00-0036264,2025,133.1175714985095,466.0,493,0.2856600246749131,72.53679384562773,00-0036264,72.7,73.1,493,21.0,24.0,10.0,11.0,8.837899543378995,1511.0,3381.0,438.0,4.57516339869281,44.69091984619935,6.896551724137931,2.231237322515213,Jordan Love,-0.1632061543722756,-0.5632061543722671,-0.3999999999999915
00-0036355,2020,107.16215071085239,600.8,668,0.1783657635000872,63.536166577277676,00-0036355,62.6,67.6,668,32.0,25.0,20.0,11.0,7.3908629441624365,2220.0,4336.0,591.0,5.136436597110754,51.199261992619924,6.736526946107785,1.6467065868263475,Justin Herbert,0.9361665772776746,-4.063833422722318,-4.999999999999993
00-0036355,2021,148.64572251287154,677.1,752,0.21953289397854311,67.14796935485265,00-0036355,70.9,71.9,752,31.0,36.0,14.0,6.0,7.538002980625931,2403.0,5014.0,671.0,4.415954415954416,47.92580773833267,6.648936170212766,0.7978723404255319,Justin Herbert,-3.7520306451473573,-4.752030645147357,-1.0
00-0036355,2022,52.83070542114131,718.8,772,0.07349847721360783,53.71163214991283,00-0036355,60.2,61.7,772,38.0,22.0,15.0,15.0,6.461979913916786,2475.0,4739.0,697.0,5.170068027210884,52.226208060772315,4.792746113989637,1.9430051813471503,Justin Herbert,-6.488367850087172,-7.988367850087172,-1.5
00-0036355,2023,40.72397664242115,495.5,527,0.08218764206341302,54.54802049926937,00-0036355,64.1,63.6,527,29.0,31.0,11.0,11.0,7.6535087719298245,1555.0,3134.0,456.0,5.979381443298969,49.617102744097004,7.969639468690702,2.0872865275142316,Justin Herbert,-9.551979500730624,-9.051979500730631,0.4999999999999929
00-0036355,2024,86.89561472150376,538.3,590,0.16142599799647736,62.001604039197034,00-0036355,61.7,64.5,590,41.0,31.0,17.0,10.0,8.654690618762475,1675.0,3870.0,501.0,7.564575645756458,43.281653746770026,8.135593220338983,1.694915254237288,Justin Herbert,0.3016040391970307,-2.4983959608029664,-2.799999999999997
00-0036355,2025,49.91627172658541,583.6,639,0.08553165134781598,54.86924643407209,00-0036355,60.6,61.6,639,54.0,49.0,24.0,13.0,7.833984375,1657.0,3727.0,512.0,9.540636042402827,44.4593506841964,11.424100156494523,2.0344287949921753,Justin Herbert,-5.7307535659279125,-6.7307535659279125,-1.0
00-0036389,2021,57.563547930386406,514.0,584,0.11199133838596577,57.39457075922879,00-0036389,54.6,58.4,584,26.0,50.0,78.0,14.0,9.027906976744186,1463.0,3144.0,430.0,5.701754385964912,46.533078880407125,21.91780821917808,2.3972602739726026,Jalen Hurts,2.7945707592287903,-1.0054292407712069,-3.799999999999997
00-0036389,2022,141.82946506437622,575.4,643,0.24648846900308694,69.41060948545707,00-0036389,68.3,70.8,643,38.0,43.0,102.0,16.0,8.097826086956522,1802.0,3701.0,460.0,7.630522088353414,48.68954336665766,22.55054432348367,2.488335925349922,Jalen Hurts,1.1106094854570756,-1.3893905145429244,-2.5
00-0036389,2023,110.87306472491039,666.1,721,0.16645108050579552,62.459489504877595,00-0036389,60.1,60.0,721,36.0,48.0,99.0,13.0,8.62081784386617,1697.0,3858.0,538.0,6.2717770034843205,43.986521513737685,20.388349514563107,1.8030513176144243,Jalen Hurts,2.359489504877594,2.4594895048775953,0.10000000000000142
00-0036389,2024,89.38669644842712,488.1,527,0.18313193289987115,63.96316768457955,00-0036389,62.5,64.6,527,38.0,39.0,90.0,12.0,7.819444444444445,1375.0,2903.0,360.0,9.547738693467336,47.364795039614194,24.47817836812144,2.2770398481973433,Jalen Hurts,1.4631676845795525,-0.6368323154204418,-2.0999999999999943
00-0036389,2025,65.87425969217809,530.2,578,0.12424417142998506,58.551858878152586,00-0036389,55.2,57.0,578,32.0,40.0,54.0,11.0,9.008849557522124,1265.0,3224.0,452.0,6.6115702479338845,39.23697270471464,16.26297577854671,1.9031141868512111,Jalen Hurts,3.3518588781525835,1.5518588781525864,-1.7999999999999972
00-0036442,2020,53.36346743383614,419.1,466,0.1273287221041187,58.841768065472856,00-0036442,48.5,46.8,466,32.0,16.0,17.0,13.0,8.5725,1142.0,2688.0,401.0,7.390300230946882,42.485119047619044,7.081545064377683,2.7896995708154506,Joe Burrow,10.341768065472856,12.041768065472858,1.7000000000000028
00-0036442,2021,122.26729890954279,545.6,602,0.22409695547936728,67.5370977923822,00-0036442,60.2,63.5,602,51.0,20.0,13.0,10.0,8.160231660231661,2251.0,4611.0,518.0,8.963093145869948,48.81804380828454,5.48172757475083,1.6611295681063125,Joe Burrow,7.337097792382195,4.037097792382198,-3.299999999999997
00-0036442,2022,117.646806952806,626.6,699,0.18775424026939994,64.37518159444038,00-0036442,60.8,59.0,699,41.0,27.0,26.0,8.0,6.846280991735537,2133.0,4475.0,605.0,6.3467492260061915,47.66480446927374,7.582260371959943,1.144492131616595,Joe Burrow,3.57518159444038,5.375181594440377,1.7999999999999972
00-0036442,2023,15.799364779785604,375.9,407,0.0420307655753807,50.66858194764409,00-0036442,51.6,51.1,407,24.0,14.0,5.0,5.0,6.465564738292011,1239.0,2309.0,364.0,6.185567010309279,53.659592897358166,4.668304668304668,1.2285012285012284,Joe Burrow,-0.9314180523559088,-0.4314180523559088,0.5
00-0036442,2024,148.88420169878066,680.8,730,0.21869007300055915,67.07585082688725,00-0036442,72.1,71.7,730,48.0,22.0,9.0,16.0,7.087557603686636,2192.0,4918.0,651.0,6.866952789699571,44.57096380642538,4.2465753424657535,2.191780821917808,Joe Burrow,-5.024149173112747,-4.624149173112755,0.3999999999999915
00-0036898,2021,-32.85526216267399,364.5,439,-0.09013789345040875,38.09196557949372,00-0036898,41.2,40.5,439,31.0,10.0,6.0,9.0,7.3188775510204085,1232.0,2664.0,392.0,7.328605200945626,46.246246246246244,3.644646924829157,2.050113895216401,Davis Mills,-3.1080344205062858,-2.408034420506283,0.7000000000000028
00-0036898,2022,-48.48591820686234,465.2,533,-0.10422596347132919,36.812635382795044,00-0036898,35.0,36.0,533,31.0,17.0,7.0,9.0,7.811715481171548,1524.0,3118.0,478.0,6.090373280943026,48.877485567671584,4.50281425891182,1.6885553470919326,Davis Mills,1.8126353827950439,0.8126353827950439,-1.0
00-0036945,2021,-32.70729992573159,315.8,371,-0.10356966410934638,36.871838972498075,00-0036945,31.4,31.0,371,36.0,45.0,22.0,15.0,9.869402985074627,683.0,1870.0,268.0,11.842105263157894,36.524064171122994,18.059299191374663,4.0431266846361185,Justin Fields,5.471838972498077,5.871838972498075,0.3999999999999986
00-0036945,2022,19.34496371061054,486.7,524,0.03974720302159552,50.44728698471212,00-0036945,56.3,58.5,524,55.0,66.0,85.0,23.0,9.084905660377359,949.0,2242.0,318.0,14.745308310991955,42.32827832292596,28.816793893129773,4.3893129770992365,Justin Fields,-5.8527130152878755,-8.052713015287878,-2.200000000000003
00-0036945,2023,14.012222404866776,461.2,531,0.030382095413848172,49.53964569631652,00-0036945,46.1,48.6,531,44.0,43.0,74.0,13.0,8.002702702702702,1224.0,2562.0,370.0,10.628019323671497,47.7751756440281,22.033898305084744,2.4482109227871938,Justin Fields,3.439645696316518,0.9396456963165178,-2.5
00-0036971,2021,-22.084620542694754,592.6,697,-0.03726733132415584,43.02875656040564,00-0036971,39.1,37.6,697,32.0,32.0,34.0,14.0,7.909849749582638,1634.0,3641.0,599.0,5.071315372424722,44.87778082944246,9.469153515064562,2.008608321377331,Trevor Lawrence,3.9287565604056383,5.428756560405638,1.5
00-0036971,2022,65.00635414712976,597.9,664,0.10872445918569955,57.0845838616198,00-0036971,56.1,55.8,664,27.0,24.0,31.0,14.0,7.379725085910653,2020.0,4113.0,582.0,4.433497536945813,49.112569900316075,8.283132530120483,2.108433734939759,Trevor Lawrence,0.9845838616197966,1.2845838616198009,0.30000000000000426
00-0036971,2023,23.566761738483756,578.7,658,0.040723624915299385,50.54191250622944,00-0036971,56.1,54.1,658,35.0,41.0,17.0,20.0,8.179078014184396,1786.0,4016.0,564.0,5.843071786310518,44.47211155378486,8.814589665653495,3.0395136778115504,Trevor Lawrence,-5.558087493770564,-3.5580874937705644,2.0
00-0036971,2024,9.996560478111151,284.1,324,0.03518676690641025,50.00530144854942,00-0036971,56.1,53.3,324,18.0,13.0,10.0,6.0,9.395759717314487,846.0,2045.0,283.0,5.980066445182724,41.36919315403423,7.098765432098765,1.8518518518518516,Trevor Lawrence,-6.094698551450584,-3.2946985514505798,2.8000000000000043
00-0036971,2025,68.890551104002,594.5,672,0.11587981682758958,57.76278178333099,00-0036971,58.3,57.1,672,41.0,43.0,31.0,9.0,8.754039497307001,1631.0,4007.0,557.0,6.856187290969899,40.70376840529074,11.011904761904761,1.3392857142857142,Trevor Lawrence,-0.5372182166690038,0.6627817833309919,1.1999999999999957
00-0036972,2021,58.2329123803538,498.7,584,0.11676942526640025,57.8469017344864,00-0036972,56.9,56.4,584,28.0,15.0,21.0,12.0,7.996153846153846,1760.0,3801.0,520.0,5.109489051094891,46.30360431465404,6.164383561643835,2.054794520547945,Mac Jones,0.9469017344864028,1.4469017344864028,0.5
00-0036972,2022,-11.983436985324015,458.8,505,-0.0261190867160506,44.09127642523317,00-0036972,38.4,37.9,505,34.0,20.0,11.0,12.0,7.861363636363636,1431.0,2997.0,440.0,7.172995780590717,47.74774774774775,6.138613861386139,2.376237623762376,Mac Jones,5.69127642523317,6.19127642523317,0.5
00-0036972,2023,-33.210037772816584,356.8,389,-0.09307746012560701,37.82358971535102,00-0036972,36.7,37.7,389,22.0,12.0,10.0,7.0,6.9855072463768115,1208.0,2120.0,345.0,5.994550408719346,56.9811320754717,5.655526992287918,1.7994858611825193,Mac Jones,1.1235897153510166,0.1235897153510166,-1.0
00-0036972,2025,53.911464349176356,298.2,324,0.1807896188771843,63.7535909289176,00-0036972,62.3,62.2,324,16.0,8.0,14.0,5.0,7.426573426573427,957.0,2151.0,286.0,5.298013245033113,44.490934449093444,6.790123456790123,1.5432098765432098,Mac Jones,1.453590928917606,1.5535909289176004,0.09999999999999432
00-0037013,2021,-65.61206423494603,383.1,451,-0.17126615566417652,30.99903035330471,00-0037013,33.4,32.5,451,44.0,16.0,9.0,8.0,7.552356020942408,1077.0,2334.0,382.0,10.328638497652582,46.1439588688946,5.543237250554324,1.7738359201773837,Zach Wilson,-2.4009696466952875,-1.5009696466952889,0.8999999999999986
00-0037013,2023,-90.3172885744956,406.0,442,-0.22245637579925026,26.921305313572272,00-0037013,30.6,31.6,442,46.0,25.0,6.0,12.0,7.32054794520548,1113.0,2271.0,365.0,11.19221411192214,49.00924702774108,7.013574660633484,2.7149321266968327,Zach Wilson,-3.678694686427729,-4.678694686427729,-1.0
00-0037077,2023,-40.8947051686338,643.0,721,-0.0635998525173154,40.546044934474416,00-0037077,42.4,43.4,721,65.0,32.0,12.0,9.0,7.496732026143791,2019.0,3946.0,612.0,9.601181683899556,51.165737455651296,6.102635228848821,1.248266296809986,Sam Howell,-1.8539550655255823,-2.8539550655255823,-1.0
00-0037834,2023,151.08217265828134,443.1,497,0.34096631157364327,76.59636370170206,00-0037834,72.8,73.0,497,28.0,17.0,11.0,9.0,8.24716553287982,2034.0,4280.0,441.0,5.970149253731343,47.523364485981304,5.633802816901409,1.8108651911468814,Brock Purdy,3.796363701702063,3.59636370170206,-0.20000000000000284
00-0037834,2024,99.84392923661065,485.6,542,0.20560940946583742,65.94640048577033,00-0037834,64.8,64.4,542,31.0,44.0,17.0,10.0,8.677777777777777,1622.0,3864.0,450.0,6.4449064449064455,41.97722567287785,11.254612546125461,1.8450184501845017,Brock Purdy,1.1464004857703287,1.5464004857703202,0.3999999999999915
00-0037834,2025,78.55437564158859,296.6,324,0.26484954700468166,70.90075232550545,00-0037834,72.8,72.4,324,11.0,18.0,11.0,5.0,7.598591549295775,829.0,2167.0,284.0,3.728813559322034,38.25565297646516,8.950617283950617,1.5432098765432098,Brock Purdy,-1.8992476744945463,-1.4992476744945549,0.3999999999999915
00-0038102,2022,14.474581326077773,421.5,465,0.03434064371548701,49.92329524907862,00-0038102,53.6,52.4,465,27.0,28.0,22.0,4.0,7.621134020618556,1042.0,2404.0,388.0,6.506024096385541,43.34442595673877,10.75268817204301,0.8602150537634409,Kenny Pickett,-3.676704750921381,-2.476704750921378,1.2000000000000028
00-0038102,2023,-31.627890421629132,344.7,370,-0.09175483151038333,37.9442515670525,00-0038102,38.1,35.4,370,23.0,14.0,10.0,4.0,7.08359133126935,1038.0,2070.0,323.0,6.6473988439306355,50.14492753623189,6.486486486486487,1.0810810810810811,Kenny Pickett,-0.1557484329475045,2.5442515670524983,2.700000000000003
00-0038122,2023,-20.112379955718513,431.9,462,-0.04656721453048973,42.147244460364576,00-0038122,40.1,42.8,462,31.0,19.0,26.0,16.0,8.246113989637307,1222.0,2836.0,386.0,7.434052757793765,43.08885754583921,9.740259740259742,3.463203463203463,Desmond Ridder,2.047244460364574,-0.6527555396354217,-2.6999999999999957
00-0038579,2023,-20.797723905660092,320.6,377,-0.064871253604679,40.42728169972969,00-0038579,40.5,40.4,377,24.0,0.0,11.0,7.0,7.488304093567251,1058.0,2218.0,342.0,6.557377049180328,47.70063119927863,2.9177718832891246,1.8567639257294428,Aidan O'Connell,-0.07271830027031001,0.02728169972969141,0.10000000000000142
00-0039150,2023,-97.1083465802651,551.2,623,-0.17617624561006004,30.59334894228676,00-0039150,33.4,35.2,623,62.0,31.0,4.0,18.0,7.6216730038022815,1300.0,2877.0,526.0,10.54421768707483,45.18595759471672,5.617977528089887,2.889245585874799,Bryce Young,-2.806651057713239,-4.606651057713243,-1.8000000000000043
00-0039150,2024,5.743057261385402,389.6,451,0.014740906728401955,48.02471724926772,00-0039150,50.7,54.0,451,29.0,37.0,1.0,7.0,8.744791666666666,969.0,2403.0,384.0,7.021791767554479,40.324594257178525,8.425720620842572,1.5521064301552108,Bryce Young,-2.6752827507322863,-5.975282750732283,-3.299999999999997
00-0039150,2025,-1.0382749934543247,491.7,542,-0.0021116025899010063,46.396601424934005,00-0039150,47.6,49.3,542,27.0,33.0,6.0,10.0,6.514705882352941,1539.0,3011.0,476.0,5.36779324055666,51.11258718033875,7.195571955719557,1.8450184501845017,Bryce Young,-1.2033985750659966,-2.9033985750659923,-1.6999999999999957
00-0039152,2024,-59.06151389701624,338.8,385,-0.17432560182118134,30.74590434205186,00-0039152,25.2,23.2,385,41.0,20.0,23.0,12.0,8.70764119601329,933.0,2091.0,301.0,11.988304093567251,44.61979913916787,11.168831168831169,3.116883116883117,Will Levis,5.545904342051859,7.545904342051859,2.0
00-0039163,2023,76.10710953925019,508.9,566,0.14955219009481271,60.911267753410144,00-0039163,57.5,57.6,566,38.0,23.0,12.0,13.0,9.095334685598377,1762.0,4108.0,493.0,7.1563088512241055,42.8919182083739,6.18374558303887,2.2968197879858656,C.J. Stroud,3.4112677534101437,3.3112677534101422,-0.10000000000000142
00-0039163,2024,0.961611530019213,572.1,623,0.0016808451844419034,46.76244364193646,00-0039163,46.4,46.6,623,52.0,37.0,3.0,9.0,8.331450094161958,1664.0,3727.0,531.0,8.919382504288166,44.6471693050711,6.420545746388442,1.4446227929373996,C.J. Stroud,0.3624436419364585,0.16244364193645566,-0.20000000000000284
00-0039163,2025,64.31076509640437,438.1,481,0.14679471603835736,60.6564458317574,00-0039163,61.7,61.5,481,23.0,25.0,12.0,6.0,8.107142857142858,1365.0,3041.0,420.0,5.191873589164786,44.886550476816836,7.6923076923076925,1.2474012474012475,C.J. Stroud,-1.0435541682426006,-0.8435541682425978,0.20000000000000284
00-0039164,2024,-8.164795917758067,323.1,355,-0.025270182351464148,44.17241894319822,00-0039164,44.1,40.9,355,14.0,21.0,58.0,12.0,12.305343511450381,776.0,1814.0,262.0,5.072463768115942,42.77839029768467,22.253521126760564,3.3802816901408446,Anthony Richardson,0.0724189431982154,3.2724189431982182,3.200000000000003
00-0039732,2024,49.904546257593864,585.3,668,0.08526319196581901,54.84347280737218,00-0039732,53.5,54.4,668,24.0,50.0,28.0,10.0,7.27208480565371,2070.0,3775.0,566.0,4.067796610169491,54.83443708609271,11.676646706586826,1.4970059880239521,Bo Nix,1.34347280737218,0.4434728073721814,-0.8999999999999986
00-0039732,2025,78.42369854424501,641.6,699,0.12223145034950905,58.36236707367365,00-0039732,58.3,60.0,699,22.0,36.0,30.0,5.0,7.343698854337152,2093.0,3931.0,611.0,3.4755134281200633,53.24344950394302,9.44206008583691,0.7153075822603719,Bo Nix,0.06236707367365568,-1.6376329263263472,-1.7000000000000028
00-0039851,2024,5.499337278596398,359.7,423,0.015288677449531272,48.07772653392616,00-0039851,55.2,53.9,423,34.0,45.0,7.0,15.0,7.338278931750742,1191.0,2276.0,337.0,9.164420485175203,52.3286467486819,12.293144208037825,3.546099290780142,Drake Maye,-7.1222734660738425,-5.822273466073838,1.3000000000000043
00-0039851,2025,175.84622736603342,564.3,621,0.3116183366401443,74.49546492260356,00-0039851,77.1,78.2,621,47.0,62.0,20.0,12.0,9.132113821138212,1746.0,4394.0,492.0,8.719851576994433,39.736003641329084,13.20450885668277,1.932367149758454,Drake Maye,-2.6045350773964344,-3.704535077396443,-1.1000000000000085
00-0039910,2024,104.7337754227166,590.2,662,0.1774547194556364,63.4543006224133,00-0039910,67.7,69.5,662,47.0,72.0,65.0,9.0,7.424686192468619,1780.0,3568.0,478.0,8.952380952380953,49.88789237668161,20.694864048338367,1.3595166163141994,Jayden Daniels,-4.245699377586703,-6.0456993775867005,-1.7999999999999972
00-0039918,2024,-33.5662411686953,603.8,701,-0.05559165480075406,41.2965938748296,00-0039918,43.3,41.5,701,68.0,50.0,25.0,16.0,8.039426523297491,1866.0,3541.0,558.0,10.86261980830671,52.6969782547303,10.699001426533524,2.282453637660485,Caleb Williams,-2.0034061251704003,-0.20340612517040313,1.7999999999999972
00-0039918,2025,57.79251827712887,601.0,656,0.0961605961349898,55.88744690987605,00-0039918,58.2,57.9,656,24.0,43.0,23.0,10.0,8.657243816254416,1811.0,3942.0,566.0,4.067796610169491,45.94114662607814,10.060975609756099,1.524390243902439,Caleb Williams,-2.3125530901239557,-2.0125530901239514,0.30000000000000426
00-0040676,2025,-62.279439329985664,527.5,625,-0.11806528782935671,35.57369601642796,00-0040676,33.2,30.8,625,55.0,23.0,10.0,13.0,7.275605214152701,1547.0,3169.0,537.0,9.29054054054054,48.81666140738403,5.28,2.08,Cam Ward,2.3736960164279566,4.773696016427959,2.400000000000002
00-0040691,2025,38.60688723410106,397.1,452,0.09722207815185357,55.988874634381055,00-0040691,57.5,57.1,452,35.0,38.0,41.0,7.0,8.20414201183432,1161.0,2272.0,338.0,9.383378016085791,51.10035211267606,17.47787610619469,1.5486725663716814,Jaxson Dart,-1.5111253656189447,-1.1111253656189461,0.3999999999999986
00-0040743,2025,23.264565693168006,346.6,393,0.06712223223649165,53.096518846523146,00-0040743,48.8,51.6,393,31.0,20.0,18.0,5.0,8.36111111111111,1051.0,2384.0,324.0,8.732394366197182,44.085570469798654,9.669211195928753,1.2722646310432568,Tyler Shough,4.296518846523149,1.496518846523145,-2.8000000000000043
