player_id,attempts,completions,yards,tds,ints,epa_per_db,cpoe,name,cmp_pct,ypa,rating,third_down_delta,clutch_att,clutch_cmp_pct,fourth_att,fourth_rate,season
00-0019596,810,544.0,5916.0,46.0,13.0,0.2397170560000925,1.2222789876247564,T.Brady,67.1604938271605,7.303703703703704,100.72530864197529,-9.533512844771124,66.0,59.09090909090909,12.0,50.0,2021
00-0022924,649,419.0,3955.0,24.0,10.0,0.04500412314948757,-2.2559709497727454,B.Roethlisberger,64.56086286594761,6.093990755007704,87.1822033898305,-4.923729999533521,44.0,59.09090909090909,14.0,35.714285714285715,2021
00-0023459,560,386.0,4340.0,37.0,4.0,0.32593506016746626,5.6508321474606324,Aa.Rodgers,68.92857142857143,7.75,110.86309523809523,-9.094278590201483,52.0,53.84615384615385,13.0,38.46153846153847,2021
00-0026143,560,375.0,3968.0,20.0,12.0,0.14427291669977071,1.7592363416928647,M.Ryan,66.96428571428571,7.085714285714285,90.38690476190476,-4.283154121863802,43.0,62.7906976744186,12.0,50.0,2021
00-0026498,741,502.0,6074.0,50.0,20.0,0.3188071146272392,1.15570116532992,M.Stafford,67.74628879892038,8.197031039136302,103.93893387314439,-4.3982619295727545,47.0,61.702127659574465,10.0,40.0,2021
00-0027973,236,149.0,1515.0,8.0,9.0,0.030335703519291917,-4.195212746769321,A.Dalton,63.13559322033898,6.419491525423729,76.85381355932202,1.2718023255813975,22.0,50.0,10.0,60.0,2021
00-0028118,150,91.0,966.0,5.0,5.0,0.027190296485661444,-3.625983806947867,Ty.Taylor,60.66666666666667,6.44,76.69444444444444,-8.44961240310078,13.0,61.53846153846154,,,2021
00-0029263,400,259.0,3113.0,25.0,6.0,0.1926725675670076,3.1963339471137586,R.Wilson,64.75,7.7825,103.05208333333333,-20.72911978396452,45.0,71.11111111111111,5.0,0.0,2021
00-0029604,561,372.0,4221.0,33.0,7.0,0.23133419188757323,1.3502727035481614,K.Cousins,66.31016042780749,7.524064171122995,103.1008615567439,-7.754256787850899,94.0,58.51063829787234,13.0,53.84615384615385,2021
00-0029701,555,372.0,3954.0,22.0,17.0,0.19233895578465104,2.2457266819850297,R.Tannehill,67.02702702702703,7.124324324324324,88.07432432432432,1.8277010947168009,43.0,67.44186046511628,10.0,30.0,2021
00-0030520,167,90.0,790.0,4.0,10.0,-0.33237085185918613,-7.878039428940067,M.Glennon,53.89221556886228,4.730538922155689,49.73802395209581,-8.717948717948723,,,5.0,60.0,2021
00-0031237,426,285.0,3052.0,18.0,7.0,0.24355884316118137,3.910554529708109,T.Bridgewater,66.90140845070422,7.164319248826291,94.92370892018779,-2.207278887120779,45.0,62.22222222222222,16.0,68.75,2021
00-0031280,680,457.0,5114.0,24.0,15.0,0.18136458363256366,1.5717612550808833,D.Carr,67.20588235294119,7.520588235294118,91.99754901960785,-10.24422380123287,82.0,57.3170731707317,11.0,54.54545454545454,2021
00-0031345,515,344.0,4345.0,22.0,15.0,0.2896420928604746,0.5945173103407205,J.Garoppolo,66.79611650485437,8.436893203883495,95.00404530744335,-5.423076923076927,66.0,63.63636363636363,5.0,60.0,2021
00-0031503,161,95.0,1170.0,14.0,3.0,0.27434066591316614,-3.137500136116751,J.Winston,59.006211180124225,7.267080745341615,102.75621118012424,-5.602536997885842,,,,,2021
00-0031800,494,321.0,3419.0,20.0,15.0,0.08184744567268881,0.2986248644689719,T.Heinicke,64.97975708502024,6.921052631578948,85.91430499325236,-15.95982142857143,59.0,69.49152542372882,18.0,38.88888888888889,2021
00-0032156,188,108.0,1154.0,11.0,3.0,0.07382994604425294,-4.721714087894985,T.Siemian,57.446808510638306,6.138297872340425,88.38652482269505,-1.2601927353595173,13.0,69.23076923076923,,,2021
00-0032950,516,322.0,3563.0,27.0,7.0,0.17395136161272753,-2.120752626621507,C.Wentz,62.4031007751938,6.905038759689923,94.64631782945737,-6.412442867862744,59.0,57.6271186440678,9.0,55.55555555555556,2021
00-0033077,639,433.0,4703.0,38.0,11.0,0.24313639588289987,1.544567619404344,D.Prescott,67.76212832550861,7.359937402190924,101.86815336463224,-6.448270365056594,57.0,68.42105263157895,15.0,53.333333333333336,2021
00-0033106,494,332.0,3245.0,19.0,8.0,0.09592612297774646,0.5529641658386786,J.Goff,67.20647773279353,6.568825910931174,91.53171390013496,-4.900207117303715,55.0,52.72727272727272,20.0,45.0,2021
00-0033119,225,141.0,1283.0,5.0,4.0,0.06987855961641706,-2.214608489093693,J.Brissett,62.66666666666667,5.702222222222222,78.06481481481482,-4.725822532402788,25.0,56.00000000000001,6.0,66.66666666666666,2021
00-0033873,780,525.0,5896.0,48.0,16.0,0.30080558943835034,3.246764867040126,P.Mahomes,67.3076923076923,7.558974358974359,101.63461538461537,4.081670706694027,58.0,55.172413793103445,7.0,57.14285714285714,2021
00-0034796,382,246.0,2882.0,16.0,13.0,0.18140195283015204,0.6794994812448713,L.Jackson,64.3979057591623,7.544502617801047,86.96553228621292,-9.486670448099837,36.0,63.888888888888886,,,2021
00-0034855,418,253.0,3010.0,17.0,13.0,0.17741802295622822,-2.718707900494337,B.Mayfield,60.526315789473685,7.2009569377990434,83.12400318979267,-15.644171779141104,54.0,40.74074074074074,13.0,46.15384615384615,2021
00-0034857,708,457.0,5044.0,45.0,15.0,0.2251860790214027,2.8908279983425986,J.Allen,64.54802259887006,7.124293785310734,97.91666666666669,-10.14109347442681,71.0,60.56338028169014,15.0,46.666666666666664,2021
00-0034869,406,243.0,2527.0,9.0,13.0,-0.04226706071260369,-4.8873513044479,S.Darnold,59.85221674876847,6.224137931034483,71.94170771756978,-8.085550339071474,28.0,57.14285714285714,9.0,44.44444444444444,2021
00-0035228,515,352.0,3924.0,24.0,12.0,0.19040845339767293,2.8737195724188678,K.Murray,68.3495145631068,7.619417475728155,96.61407766990293,-13.771186440677965,20.0,80.0,14.0,57.14285714285714,2021
00-0035710,361,232.0,2428.0,10.0,7.0,0.0917467294381845,-0.8439087730319768,D.Jones,64.26592797783933,6.725761772853185,84.81648199445982,-13.693705914270211,20.0,65.0,8.0,50.0,2021
00-0035993,188,122.0,1081.0,3.0,4.0,0.034823403312542946,-1.053244907122392,T.Huntley,64.8936170212766,5.75,76.57358156028367,-15.45454545454546,41.0,56.09756097560976,8.0,62.5,2021
00-0036212,388,263.0,2653.0,16.0,10.0,0.1508365861394304,1.9254196866562492,T.Tagovailoa,67.78350515463917,6.837628865979381,90.06658075601374,-12.481962481962476,37.0,67.56756756756756,6.0,50.0,2021
00-0036355,672,443.0,5014.0,38.0,15.0,0.2549697047116971,-0.615461159333065,J.Herbert,65.92261904761905,7.461309523809524,97.65624999999999,-3.494822485207102,64.0,46.875,22.0,63.63636363636363,2021
00-0036389,475,288.0,3402.0,17.0,11.0,0.1251719487222659,-0.6127516384673329,J.Hurts,60.631578947368425,7.162105263157895,84.73245614035089,-5.510752688172047,32.0,56.25,11.0,27.27272727272727,2021
00-0036442,662,463.0,5716.0,39.0,16.0,0.33530616206029307,5.896984826477009,J.Burrow,69.93957703927492,8.634441087613293,105.91012084592144,0.5952380952380878,67.0,65.67164179104478,13.0,53.84615384615385,2021
00-0036898,394,263.0,2664.0,16.0,10.0,0.023727803907949634,-0.2196843661959209,D.Mills,66.75126903553299,6.761421319796955,88.84306260575295,-4.63949843260189,25.0,68.0,14.0,28.57142857142857,2021
00-0036945,270,159.0,1870.0,7.0,10.0,0.04015621748612975,-1.9522072597481739,J.Fields,58.88888888888889,6.925925925925926,73.22530864197532,-11.274911274911283,23.0,60.86956521739131,6.0,33.33333333333333,2021
00-0036971,602,359.0,3641.0,12.0,17.0,0.008730042578462577,-4.80008055031197,T.Lawrence,59.63455149501661,6.048172757475083,71.85769656699888,-14.105814739688988,43.0,55.81395348837209,23.0,60.86956521739131,2021
00-0036972,559,376.0,4033.0,24.0,15.0,0.20749412932039565,2.5354269332501476,M.Jones,67.26296958855099,7.214669051878354,91.32751937984494,-2.1837446698539793,30.0,60.0,14.0,64.28571428571429,2021
00-0037013,383,213.0,2334.0,9.0,11.0,-0.039365209611069533,-9.639359672701424,Z.Wilson,55.61357702349869,6.093994778067885,69.68559617058312,-7.0909090909090935,24.0,50.0,17.0,52.94117647058824,2021
00-0019596,799,525.0,5045.0,27.0,10.0,0.1292645264636363,-0.5665243816717217,T.Brady,65.70713391739675,6.314142678347935,89.19743429286609,-5.894154271878243,72.0,59.72222222222222,17.0,64.70588235294117,2022
00-0023459,542,350.0,3695.0,26.0,12.0,0.10965056754692698,0.5470411479473114,A.Rodgers,64.57564575645756,6.817343173431734,91.06703567035672,-5.021289654378769,39.0,56.41025641025641,18.0,33.33333333333333,2022
00-0026143,461,309.0,3057.0,14.0,13.0,0.10040799929961437,-0.09865554427231635,M.Ryan,67.02819956616052,6.631236442516269,83.94342010122921,8.357075023741686,71.0,63.38028169014085,8.0,50.0,2022
00-0026158,191,110.0,1051.0,5.0,3.0,0.004672501403635773,-4.0900764884529535,J.Flacco,57.59162303664922,5.50261780104712,75.18542757417103,4.735883424408016,21.0,57.14285714285714,6.0,50.0,2022
00-0026498,303,206.0,2087.0,10.0,8.0,0.10441363570089056,-0.03873855378982183,M.Stafford,67.98679867986799,6.887788778877888,87.43811881188118,-6.899350649350659,23.0,69.56521739130434,,,2022
00-0027973,378,252.0,2871.0,18.0,9.0,0.17570863891009064,0.6179992027662613,A.Dalton,66.66666666666666,7.595238095238095,95.23809523809523,-12.349081364829388,38.0,57.89473684210527,5.0,60.0,2022
00-0029263,483,292.0,3524.0,16.0,11.0,0.08074074871748967,-1.1704484370048875,R.Wilson,60.45548654244306,7.296066252587992,84.41597653554176,-4.403744403744405,67.0,64.17910447761194,9.0,33.33333333333333,2022
00-0029604,682,455.0,4820.0,31.0,14.0,0.17041396333338774,2.024650981793037,K.Cousins,66.71554252199414,7.067448680351906,93.72556207233626,-4.132177112074615,54.0,62.96296296296296,13.0,53.84615384615385,2022
00-0029701,325,212.0,2536.0,13.0,6.0,0.23508764881153957,0.5387725232151405,R.Tannehill,65.23076923076923,7.803076923076923,94.59615384615384,-6.905561776782378,29.0,82.75862068965517,,,2022
00-0030565,607,424.0,4535.0,32.0,12.0,0.19602971140906944,5.916229688877132,G.Smith,69.8517298187809,7.471169686985173,100.75851180669962,-11.065228138540732,41.0,58.536585365853654,14.0,57.14285714285714,2022
00-0031280,502,305.0,3522.0,24.0,14.0,0.14300779116528792,-2.8706469951065015,D.Carr,60.756972111553786,7.01593625498008,86.26328021248341,-2.1934197407776637,64.0,50.0,11.0,72.72727272727273,2022
00-0031345,308,207.0,2437.0,16.0,4.0,0.3508002081392781,-1.0454820067274804,J.Garoppolo,67.20779220779221,7.912337662337662,102.96266233766234,-10.969793322734503,28.0,50.0,,,2022
00-0031800,259,161.0,1859.0,12.0,6.0,0.12916268782067664,1.7015570782339622,T.Heinicke,62.16216216216216,7.177606177606178,89.58333333333334,-15.694519804666292,39.0,53.84615384615385,5.0,60.0,2022
00-0032268,300,184.0,2219.0,15.0,9.0,0.17946489088933654,-0.64611305450571,M.Mariota,61.33333333333333,7.3966666666666665,88.18055555555556,-7.679012345679013,30.0,40.0,,,2022
00-0032950,276,172.0,1755.0,11.0,9.0,0.03371497770648052,-3.7503710554705725,C.Wentz,62.31884057971014,6.358695652173913,80.20833333333334,3.062806926854492,19.0,47.368421052631575,6.0,16.666666666666664,2022
00-0033077,464,309.0,3371.0,28.0,17.0,0.20269205356635844,0.5405766860922264,D.Prescott,66.59482758620689,7.265086206896552,92.69935344827586,-13.35320417287631,48.0,54.166666666666664,,,2022
00-0033106,587,382.0,4438.0,29.0,7.0,0.25879258688786144,-1.484926882799834,J.Goff,65.07666098807495,7.560477001703577,99.31501987507097,2.1569334294640683,47.0,63.829787234042556,23.0,47.82608695652174,2022
00-0033119,369,236.0,2608.0,12.0,6.0,0.18320303432669374,2.8882097527172492,J.Brissett,63.956639566395665,7.067750677506775,88.89453477868113,-10.186440677966104,51.0,47.05882352941176,14.0,35.714285714285715,2022
00-0033537,170,99.0,1102.0,7.0,5.0,0.013264692860393263,-3.3266800065194406,D.Watson,58.235294117647065,6.482352941176471,79.09313725490196,-15.679214402618655,17.0,41.17647058823529,6.0,50.0,2022
00-0033662,162,94.0,1051.0,5.0,3.0,0.02126663087039389,-6.849936818241313,C.Rush,58.0246913580247,6.487654320987654,80.0411522633745,-23.557692307692307,,,7.0,57.14285714285714,2022
00-0033869,180,117.0,1252.0,4.0,5.0,0.12653868642034086,1.608036702635598,M.Trubisky,65.0,6.955555555555556,81.06481481481481,-4.0625,25.0,48.0,,,2022
00-0033873,748,507.0,5953.0,48.0,12.0,0.3614058668538431,4.100697769763622,P.Mahomes,67.7807486631016,7.958556149732621,106.43382352941175,-10.840408514827132,61.0,59.01639344262295,8.0,75.0,2022
00-0034401,175,103.0,1192.0,3.0,4.0,0.023768447389294175,-6.184591097239206,M.White,58.857142857142854,6.811428571428571,75.70238095238095,1.7021276595744652,17.0,41.17647058823529,7.0,14.285714285714285,2022
00-0034796,326,203.0,2242.0,17.0,7.0,0.13770395461551346,-0.617372073401911,L.Jackson,62.26993865030674,6.877300613496932,91.0659509202454,-14.850341948663292,27.0,51.85185185185185,,,2022
00-0034855,335,201.0,2163.0,10.0,8.0,0.03526364747988144,-7.015253307286256,B.Mayfield,60.0,6.456716417910448,78.98631840796021,1.7055988134964792,27.0,55.55555555555556,6.0,66.66666666666666,2022
00-0034857,648,407.0,4899.0,38.0,17.0,0.2457765904012689,1.271570554294064,J.Allen,62.808641975308646,7.560185185185185,94.5408950617284,-7.470710961322425,85.0,61.1764705882353,11.0,27.27272727272727,2022
00-0035228,390,259.0,2368.0,14.0,7.0,0.05877817184943404,-0.8062973137824766,K.Murray,66.41025641025641,6.0717948717948715,87.21153846153845,-16.740162822252387,43.0,51.162790697674424,17.0,35.294117647058826,2022
00-0035710,534,356.0,3641.0,17.0,6.0,0.17161940815122342,1.4272528874921608,D.Jones,66.66666666666666,6.818352059925093,91.97877652933832,-11.989389920424394,51.0,56.86274509803921,10.0,20.0,2022
00-0036212,400,259.0,3548.0,25.0,8.0,0.3452451940469792,1.432570229821119,T.Tagovailoa,64.75,8.87,105.5,-8.10827475644345,25.0,72.0,7.0,57.14285714285714,2022
00-0036355,742,502.0,5012.0,26.0,10.0,0.13979339864165077,0.7787719909283572,J.Herbert,67.65498652291106,6.754716981132075,92.67183288409703,-5.936346403272466,90.0,64.44444444444444,19.0,47.368421052631575,2022
00-0036389,547,364.0,4280.0,25.0,6.0,0.2866442139196787,2.889977628995648,J.Hurts,66.54478976234005,7.824497257769653,100.80362583790372,-4.057971014492736,33.0,63.63636363636363,11.0,63.63636363636363,2022
00-0036442,715,486.0,5196.0,39.0,14.0,0.2692830924577542,3.109197187009665,J.Burrow,67.97202797202797,7.267132867132867,99.02972027972027,-4.399852724594993,49.0,55.10204081632652,8.0,25.0,2022
00-0036898,479,292.0,3118.0,17.0,15.0,-0.0253777363600276,-3.776847637111631,D.Mills,60.96033402922756,6.509394572025053,78.78827418232429,-10.827067669172926,44.0,56.81818181818182,14.0,50.0,2022
00-0036945,318,192.0,2242.0,17.0,11.0,0.06774153366844464,-2.4806598871454546,J.Fields,60.37735849056604,7.050314465408805,85.1808176100629,-1.2434782608695727,27.0,51.85185185185185,10.0,10.0,2022
00-0036971,670,439.0,4618.0,30.0,13.0,0.20730163727867815,0.612604673432861,T.Lawrence,65.5223880597015,6.892537313432836,92.24502487562191,-5.34345445495272,67.0,55.223880597014926,16.0,56.25,2022
00-0036972,442,288.0,2997.0,14.0,11.0,0.07301993974376704,-0.4410114771914932,M.Jones,65.15837104072398,6.780542986425339,84.82277526395174,-6.25,40.0,57.49999999999999,10.0,50.0,2022
00-0037013,242,132.0,1688.0,6.0,7.0,0.007587005139845177,-5.555372587426215,Z.Wilson,54.54545454545454,6.975206611570248,72.8133608815427,-9.574297188755018,38.0,55.26315789473685,6.0,50.0,2022
00-0037327,150,78.0,754.0,2.0,5.0,-0.15228885434332903,-8.726536461585004,S.Thompson,52.0,5.026666666666666,56.91666666666667,-7.374768089053795,,,6.0,33.33333333333333,2022
00-0037834,233,155.0,1943.0,16.0,4.0,0.3706023857483507,0.9801702916354876,B.Purdy,66.52360515021459,8.339055793991417,108.00250357653793,7.415519399249057,31.0,54.83870967741935,,,2022
00-0038102,389,245.0,2404.0,7.0,9.0,0.08392573569000038,0.8181290695983866,K.Pickett,62.98200514138818,6.179948586118252,76.67630676949443,-4.367760617760624,36.0,58.333333333333336,7.0,42.857142857142854,2022
00-0026158,250,157.0,1923.0,14.0,10.0,0.017498194599481237,-1.350963885585467,J.Flacco,62.8,7.692,88.46666666666665,-10.641025641025642,16.0,62.5,10.0,50.0,2023
00-0026498,557,351.0,4332.0,26.0,11.0,0.22412594526969673,-1.9457726825613155,M.Stafford,63.016157989228006,7.77737881508079,94.33348294434471,-3.222778473091367,56.0,60.71428571428571,8.0,75.0,2023
00-0028118,180,116.0,1341.0,5.0,3.0,0.14586310399410915,4.384998795462818,T.Taylor,64.44444444444444,7.45,89.14351851851853,-8.07453416149069,36.0,47.22222222222222,5.0,40.0,2023
00-0029263,447,297.0,3070.0,26.0,8.0,0.15951140174589848,4.853044374879584,R.Wilson,66.44295302013423,6.868008948545861,98.00055928411633,-1.3069908814589724,63.0,61.904761904761905,,,2023
00-0029604,311,216.0,2331.0,18.0,5.0,0.23719500043043854,4.28785780901151,K.Cousins,69.45337620578779,7.495176848874598,103.78483386923902,-2.0913770913770833,48.0,70.83333333333334,10.0,70.0,2023
00-0029701,230,149.0,1616.0,4.0,7.0,0.11024810594817962,1.0427043244645402,R.Tannehill,64.78260869565217,7.026086956521739,78.46014492753622,-3.440116490717152,17.0,64.70588235294117,5.0,80.0,2023
00-0030565,499,323.0,3624.0,20.0,9.0,0.17470222007756878,2.444135994350506,G.Smith,64.72945891783567,7.2625250501002006,92.13009352037407,-11.593612212382823,82.0,56.09756097560976,7.0,28.57142857142857,2023
00-0031280,548,375.0,3878.0,25.0,8.0,0.15695796515598975,3.0327578889024416,D.Carr,68.43065693430657,7.076642335766423,97.71897810218978,-16.845878136200724,42.0,50.0,8.0,25.0,2023
00-0031345,169,110.0,1205.0,7.0,9.0,0.0495330905205438,-1.94589148868214,J.Garoppolo,65.08875739644971,7.1301775147929,77.65039447731755,-8.168498168498168,15.0,46.666666666666664,5.0,40.0,2023
00-0032156,153,86.0,724.0,2.0,4.0,-0.26224709993078427,-8.928197042809593,T.Siemian,56.209150326797385,4.73202614379085,62.105119825708066,-20.310421286031044,12.0,33.33333333333333,,,2023
00-0033077,650,451.0,4919.0,39.0,11.0,0.29633402939313397,3.8448000947634378,D.Prescott,69.38461538461539,7.567692307692307,104.38461538461539,-3.5032796660703553,43.0,62.7906976744186,14.0,50.0,2023
00-0033106,716,484.0,5412.0,34.0,12.0,0.24654743209127358,1.349194304095841,J.Goff,67.59776536312849,7.558659217877095,98.75465549348232,-1.1712782210151147,64.0,68.75,31.0,41.935483870967744,2023
00-0033537,171,105.0,1115.0,7.0,4.0,0.05932324292322961,-0.32609927834886493,D.Watson,61.40350877192983,6.52046783625731,84.32017543859651,-0.3561253561253608,17.0,35.294117647058826,,,2023
00-0033873,746,505.0,5234.0,33.0,15.0,0.19092973606890734,3.8664558980104733,P.Mahomes,67.69436997319035,7.016085790884718,94.09629133154603,-3.927560837577815,79.0,63.29113924050633,12.0,33.33333333333333,2023
00-0033949,417,262.0,2464.0,13.0,10.0,-0.021666849464730867,-1.7743371015218035,J.Dobbs,62.829736211031175,5.908872901678657,79.46143085531574,-3.9543937708565053,43.0,48.837209302325576,14.0,21.428571428571427,2023
00-0034796,516,343.0,4102.0,27.0,8.0,0.2737748174258521,3.1905671972180567,L.Jackson,66.47286821705426,7.949612403100775,101.58268733850132,-14.45460277427491,57.0,57.89473684210527,5.0,40.0,2023
00-0034855,643,412.0,4730.0,34.0,12.0,0.23381907426728663,-0.20177963270635083,B.Mayfield,64.0746500777605,7.356143079315707,95.97913426645931,-3.33950046253468,69.0,63.76811594202898,11.0,54.54545454545454,2023
00-0034857,648,432.0,4695.0,33.0,18.0,0.21764926373491428,4.465782111571505,J.Allen,66.66666666666666,7.24537037037037,93.22916666666666,-16.87301587301588,59.0,55.932203389830505,11.0,45.45454545454545,2023
00-0035100,243,171.0,1936.0,12.0,7.0,0.2342107311432603,3.8662562831344767,J.Browning,70.37037037037037,7.967078189300412,98.37962962962963,-7.826086956521735,24.0,45.83333333333333,5.0,40.0,2023
00-0035228,268,176.0,1799.0,10.0,5.0,0.04344049637184752,-2.2770895928371955,K.Murray,65.67164179104478,6.712686567164179,89.443407960199,1.4492753623188577,24.0,58.333333333333336,11.0,45.45454545454545,2023
00-0035282,174,111.0,1129.0,3.0,1.0,0.07574398439383599,-4.807692722103299,E.Stick,63.793103448275865,6.488505747126437,85.63218390804597,-9.090909090909093,15.0,53.333333333333336,5.0,60.0,2023
00-0035289,490,305.0,3305.0,15.0,9.0,0.12659669736738713,-3.276565049284248,G.Minshew,62.244897959183675,6.744897959183674,84.60884353741497,-1.314581218887433,43.0,51.162790697674424,21.0,52.38095238095239,2023
00-0035710,160,108.0,909.0,2.0,6.0,-0.09968568725809983,0.2796642628370547,D.Jones,67.5,5.68125,70.54687500000001,1.538461538461533,,,5.0,60.0,2023
00-0036212,599,408.0,4823.0,30.0,15.0,0.26990579300217815,3.1497144914535156,T.Tagovailoa,68.11352253756262,8.051752921535893,98.65400667779633,-6.979546091342115,60.0,75.0,17.0,47.05882352941176,2023
00-0036264,634,409.0,4625.0,37.0,13.0,0.24467638279455703,1.4023907373235431,J.Love,64.51104100946372,7.294952681388013,97.14773922187172,-11.864406779661024,66.0,51.515151515151516,18.0,55.55555555555556,2023
00-0036355,456,297.0,3134.0,20.0,7.0,0.17470934048301492,-0.3111262051031229,J.Herbert,65.13157894736842,6.87280701754386,93.22002923976608,-15.757575757575758,47.0,65.95744680851064,14.0,50.0,2023
00-0036389,573,377.0,4108.0,24.0,15.0,0.1970483725265602,4.140682781773402,J.Hurts,65.79406631762653,7.169284467713787,89.83784176847004,5.202957176733165,45.0,51.11111111111111,13.0,46.15384615384615,2023
00-0036442,365,244.0,2309.0,15.0,6.0,0.14587473266496376,1.2337517067577763,J.Burrow,66.84931506849315,6.326027397260274,90.9988584474886,0.8763693270735615,23.0,60.86956521739131,5.0,60.0,2023
00-0036945,370,227.0,2562.0,16.0,9.0,0.11828619199262608,0.7927931911122482,J.Fields,61.35135135135135,6.924324324324324,86.34009009009009,0.5636070853462058,29.0,44.827586206896555,8.0,50.0,2023
00-0036971,564,370.0,4016.0,21.0,14.0,0.14132961848761763,0.9032510841886202,T.Lawrence,65.60283687943263,7.120567375886525,88.48995271867612,-5.197401299350339,27.0,62.96296296296296,13.0,30.76923076923077,2023
00-0036972,345,224.0,2120.0,10.0,12.0,-0.05538840915360574,-2.8927735786522386,M.Jones,64.92753623188405,6.144927536231884,76.96256038647343,-20.29335912314636,32.0,56.25,10.0,30.0,2023
00-0037013,368,221.0,2271.0,8.0,7.0,-0.02288230759882896,-3.127371265658832,Z.Wilson,60.05434782608695,6.171195652173913,77.16259057971016,-8.498201438848923,43.0,53.48837209302325,6.0,50.0,2023
00-0037077,612,388.0,3946.0,21.0,21.0,0.005218570401620725,-0.42723776663050933,S.Howell,63.39869281045751,6.447712418300654,78.92156862745097,-5.4910714285714235,58.0,53.44827586206896,19.0,52.63157894736842,2023
00-0037834,552,374.0,5054.0,34.0,12.0,0.39537945507524347,3.9470901392358013,B.Purdy,67.7536231884058,9.155797101449275,108.16727053140096,-12.775416802876762,48.0,54.166666666666664,,,2023
00-0038102,324,201.0,2070.0,6.0,4.0,0.004837010869487132,-2.1204296427388347,K.Pickett,62.03703703703704,6.388888888888889,81.43004115226337,-20.364906832298132,16.0,56.25,,,2023
00-0038108,212,127.0,1272.0,6.0,9.0,-0.1608789445956201,-4.42770113154213,B.Zappe,59.905660377358494,6.0,68.75,-13.888888888888886,22.0,50.0,7.0,28.57142857142857,2023
00-0038122,388,249.0,2836.0,12.0,12.0,0.05842941971661423,-1.3355350295702617,D.Ridder,64.17525773195877,7.309278350515464,83.44072164948454,-4.6560846560846585,53.0,71.69811320754717,8.0,25.0,2023
00-0038476,178,114.0,1101.0,8.0,3.0,0.010852546948178625,-2.9026570242075693,T.DeVito,64.04494382022472,6.185393258426966,89.18539325842696,4.491341991341983,12.0,75.0,10.0,40.0,2023
00-0038579,343,213.0,2218.0,12.0,7.0,0.08654846807819214,-3.9035496967179433,A.O'Connell,62.09912536443149,6.466472303206997,83.93464528668609,-0.625,33.0,51.515151515151516,8.0,62.5,2023
00-0039150,527,315.0,2877.0,11.0,10.0,-0.059565492309005486,-1.4098406276282143,B.Young,59.772296015180274,5.459203036053131,73.6914927261227,-9.63440215762661,44.0,54.54545454545454,28.0,46.42857142857143,2023
00-0039152,255,149.0,1808.0,8.0,4.0,0.11601259335170817,-0.38261012389109683,W.Levis,58.43137254901961,7.090196078431372,84.24019607843137,-4.307301228640014,30.0,53.333333333333336,,,2023
00-0039163,553,354.0,4557.0,26.0,5.0,0.26594218351221466,0.10196715593338013,C.Stroud,64.01446654611212,8.240506329113924,101.66892706449669,-9.102885418674902,60.0,70.0,8.0,37.5,2023
00-0023459,584,368.0,3897.0,28.0,11.0,0.13358693206132247,-2.558030059534899,A.Rodgers,63.013698630136986,6.6729452054794525,90.53224885844747,-10.029791459781528,54.0,51.85185185185185,15.0,53.333333333333336,2024
00-0026158,248,162.0,1761.0,12.0,7.0,0.1573087466416004,1.0691208041403903,J.Flacco,65.32258064516128,7.100806451612903,90.47379032258064,-2.679425837320572,20.0,45.0,6.0,83.33333333333334,2024
00-0026498,588,385.0,4295.0,24.0,8.0,0.18678282859861683,-0.8354926370737845,M.Stafford,65.47619047619048,7.304421768707483,95.01842403628119,-9.96155723700268,59.0,55.932203389830505,12.0,41.66666666666667,2024
00-0027973,160,106.0,989.0,7.0,6.0,-0.045342414149250165,-1.1419994899859796,A.Dalton,66.25,6.18125,82.00520833333333,0.9523809523809632,,,,,2024
00-0029263,365,234.0,2752.0,18.0,5.0,0.185006993803518,5.104016375325598,R.Wilson,64.10958904109589,7.53972602739726,97.6541095890411,-1.2510425354461958,41.0,58.536585365853654,5.0,20.0,2024
00-0029604,453,303.0,3508.0,18.0,16.0,0.16958588341207698,0.9587325138685633,K.Cousins,66.88741721854305,7.743929359823399,88.61754966887418,-7.3392357875116545,75.0,64.0,19.0,63.1578947368421,2024
00-0030565,578,407.0,4320.0,21.0,15.0,0.18752916646188073,5.639533668971664,G.Smith,70.41522491349481,7.474048442906574,93.20213379469435,-10.271460014673522,56.0,69.64285714285714,6.0,66.66666666666666,2024
00-0031280,279,189.0,2145.0,15.0,5.0,0.21087474785887872,3.2763743275449477,D.Carr,67.74193548387096,7.688172043010753,101.02299880525688,-1.4430379746835484,35.0,51.42857142857142,5.0,20.0,2024
00-0031503,296,181.0,2121.0,13.0,12.0,0.043581127216645685,-1.7749517742130492,J.Winston,61.14864864864865,7.16554054054054,80.6447072072072,0.7661290322580712,31.0,61.29032258064516,8.0,62.5,2024
00-0033077,286,185.0,1978.0,11.0,8.0,0.09155866302062782,-0.8513056790785669,D.Prescott,64.6853146853147,6.916083916083916,85.97027972027972,-6.678359417161367,21.0,57.14285714285714,10.0,30.0,2024
00-0033106,579,413.0,4942.0,38.0,15.0,0.38630972105229,4.975909313985279,J.Goff,71.32987910189983,8.535405872193436,108.17141623488773,-4.609655880842325,41.0,65.85365853658537,17.0,70.58823529411765,2024
00-0033119,161,95.0,826.0,2.0,1.0,-0.04862877380350761,-2.928068697452545,J.Brissett,59.006211180124225,5.130434782608695,74.18478260869564,-0.4629629629629548,25.0,36.0,,,2024
00-0033537,216,137.0,1148.0,5.0,3.0,-0.015247161662187248,-2.1934169034163156,D.Watson,63.42592592592593,5.314814814814815,79.01234567901234,-4.964539007092192,10.0,50.0,,,2024
00-0033662,308,187.0,1844.0,12.0,5.0,0.03527335891033146,-8.06432482924792,C.Rush,60.71428571428571,5.987012987012987,83.84740259740259,-11.461864406779668,37.0,45.94594594594595,7.0,28.57142857142857,2024
00-0033873,664,447.0,4607.0,31.0,13.0,0.21959724327264324,2.2979738607955658,P.Mahomes,67.31927710843374,6.938253012048193,94.49673694779118,-3.520849724626281,72.0,62.5,5.0,40.0,2024
00-0034771,228,146.0,1530.0,9.0,9.0,0.06601235093428132,0.23814365964069545,M.Rudolph,64.03508771929825,6.7105263157894735,80.11695906432749,-10.932819854514342,26.0,42.30769230769231,,,2024
00-0034796,520,350.0,4601.0,45.0,5.0,0.4626066543700512,5.083347303441251,L.Jackson,67.3076923076923,8.848076923076922,119.87980769230768,0.14165849406125375,85.0,63.52941176470588,7.0,14.285714285714285,2024
00-0034855,588,422.0,4685.0,43.0,16.0,0.33657698198411246,4.090388451215516,B.Mayfield,71.7687074829932,7.967687074829932,108.1278344671202,-9.261700725115361,62.0,56.451612903225815,,,2024
00-0034857,565,365.0,4367.0,32.0,6.0,0.3199790963618349,2.008676370466823,J.Allen,64.60176991150442,7.729203539823009,102.57743362831857,-6.418918918918912,56.0,50.0,11.0,72.72727272727273,2024
00-0034869,585,386.0,4564.0,36.0,13.0,0.22733771910690861,3.2163541642982607,S.Darnold,65.98290598290598,7.8017094017094015,100.82977207977208,-14.421997755331098,24.0,70.83333333333334,11.0,27.27272727272727,2024
00-0035228,541,372.0,3851.0,21.0,11.0,0.21446570118296168,2.1178644786869496,K.Murray,68.76155268022181,7.118299445471349,93.51124460874925,-12.350877192982459,53.0,60.37735849056604,9.0,44.44444444444444,2024
00-0035289,306,203.0,2013.0,9.0,10.0,0.038439306794722475,0.5195482663836768,G.Minshew,66.33986928104575,6.578431372549019,80.9640522875817,-13.08823529411766,25.0,52.0,,,2024
00-0035704,181,107.0,1071.0,6.0,5.0,-0.0814320635853114,-6.096339811479425,D.Lock,59.11602209944752,5.917127071823204,75.54097605893188,-21.42857142857143,26.0,42.30769230769231,6.0,16.666666666666664,2024
00-0035710,341,216.0,2070.0,8.0,7.0,0.060961469703811,1.4571249014947694,D.Jones,63.34310850439883,6.070381231671554,79.42937438905182,-0.20522955305564494,42.0,59.523809523809526,10.0,40.0,2024
00-0036212,399,291.0,2867.0,19.0,7.0,0.31532725495705327,3.780917965413369,T.Tagovailoa,72.93233082706767,7.18546365914787,101.36278195488721,-9.100719424460422,32.0,65.625,12.0,75.0,2024
00-0036264,458,288.0,3601.0,25.0,14.0,0.1687985180008757,0.17093925459964857,J.Love,62.882096069869,7.862445414847161,92.70378457059681,-8.869089804596541,23.0,56.52173913043478,7.0,42.857142857142854,2024
00-0036355,536,346.0,4112.0,24.0,7.0,0.2138667584696594,0.5450269499184777,J.Herbert,64.55223880597015,7.6716417910447765,97.32587064676616,-10.157004830917884,41.0,48.78048780487805,10.0,50.0,2024
00-0036389,452,313.0,3629.0,23.0,6.0,0.35611399031260343,7.749625416606237,J.Hurts,69.24778761061947,8.028761061946902,104.6736725663717,-10.927536231884062,49.0,73.46938775510205,9.0,66.66666666666666,2024
00-0036442,652,460.0,4918.0,43.0,9.0,0.3271798356839211,6.786788494628706,J.Burrow,70.5521472392638,7.542944785276074,108.53783231083847,-8.995884773662553,78.0,57.692307692307686,15.0,60.0,2024
00-0036945,162,106.0,1106.0,5.0,1.0,0.2272058376779467,2.0307451486587524,J.Fields,65.4320987654321,6.827160493827161,92.77263374485597,0.8571428571428541,17.0,64.70588235294117,,,2024
00-0036971,284,172.0,2045.0,11.0,7.0,0.13616276739265712,-0.9684204069130561,T.Lawrence,60.56338028169014,7.200704225352113,85.19659624413146,-23.90084801043706,31.0,54.83870967741935,6.0,33.33333333333333,2024
00-0036972,262,171.0,1672.0,8.0,8.0,0.08951625089508873,-0.4916906595230103,M.Jones,65.2671755725191,6.3816793893129775,80.51844783715013,-3.5784930767847527,46.0,65.21739130434783,5.0,40.0,2024
00-0037834,455,300.0,3864.0,20.0,12.0,0.27833269615625034,2.0625835928049954,B.Purdy,65.93406593406593,8.492307692307692,96.07600732600736,-9.999091817273644,43.0,53.48837209302325,6.0,33.33333333333333,2024
00-0038579,243,154.0,1612.0,8.0,4.0,0.09068300509895247,-3.5797815256077667,A.O'Connell,63.37448559670782,6.633744855967078,86.65123456790124,-6.521019529956966,17.0,64.70588235294117,7.0,42.857142857142854,2024
00-0039150,384,234.0,2403.0,15.0,9.0,0.08138452100788682,0.6654147484176338,B.Young,60.9375,6.2578125,82.19401041666666,-10.255866553576475,31.0,45.16129032258064,16.0,50.0,2024
00-0039152,301,190.0,2091.0,13.0,12.0,0.00011679207956804772,-0.4322967913052807,W.Levis,63.12292358803987,6.946843853820598,81.41611295681064,-8.866133866133865,19.0,36.84210526315789,10.0,20.0,2024
00-0039163,593,377.0,4254.0,21.0,13.0,0.17334517717861675,-1.2185807413501772,C.Stroud,63.57504215851601,7.1736930860033725,87.62296233839236,-4.931358381502889,57.0,52.63157894736842,9.0,55.55555555555556,2024
00-0039164,264,126.0,1814.0,8.0,12.0,-0.04303778312103795,-10.859591457020327,A.Richardson,47.72727272727273,6.871212121212121,61.64772727272728,-9.575757575757578,28.0,32.142857142857146,9.0,33.33333333333333,2024
00-0039376,228,130.0,1317.0,4.0,5.0,-0.11539310448431435,-9.06213659076064,S.Rattler,57.01754385964912,5.776315789473684,70.37646198830409,-14.581909318751428,40.0,65.0,9.0,55.55555555555556,2024
00-0039732,589,389.0,3919.0,30.0,12.0,0.12110060717250457,0.36463588213836645,B.Nix,66.04414261460101,6.65365025466893,93.3326259196378,-9.8883572567783,39.0,66.66666666666666,13.0,53.84615384615385,2024
00-0039851,338,225.0,2276.0,15.0,10.0,0.13529356225427933,2.835872181639168,D.Maye,66.5680473372781,6.733727810650888,88.0793885601578,-8.392548492414065,30.0,66.66666666666666,8.0,50.0,2024
00-0039910,594,406.0,4390.0,30.0,10.0,0.27223024091381115,3.286895609762467,J.Daniels,68.35016835016835,7.390572390572391,99.65628507295176,-10.776487663280122,41.0,65.85365853658537,16.0,81.25,2024
00-0039918,562,351.0,3541.0,20.0,6.0,0.1311271830396997,-0.10216506162365735,C.Williams,62.45551601423488,6.300711743772242,87.79655990510085,-11.978835978835981,63.0,53.96825396825397,27.0,62.96296296296296,2024
00-0023459,530,344.0,3468.0,24.0,8.0,0.12210069176168466,-0.40555955523038767,A.Rodgers,64.90566037735849,6.543396226415094,92.24056603773585,-2.5793650793650755,65.0,60.0,12.0,41.66666666666667,2025
00-0026158,416,251.0,2479.0,15.0,10.0,-0.00020127145217274336,-2.8235056625746693,J.Flacco,60.33653846153846,5.959134615384615,79.19671474358974,-10.446428571428577,57.0,56.14035087719298,11.0,45.45454545454545,2025
00-0026498,716,454.0,5643.0,52.0,9.0,0.3196957301777916,0.6893119348515055,M.Stafford,63.40782122905028,7.881284916201118,106.73300744878958,-17.303980827554042,75.0,52.0,17.0,64.70588235294117,2025
00-0029604,269,166.0,1721.0,10.0,5.0,0.08848972607734547,-2.7993222954226473,K.Cousins,61.71003717472119,6.397769516728625,84.81257744733583,-7.098039215686278,42.0,57.14285714285714,10.0,50.0,2025
00-0030565,448,302.0,3025.0,19.0,17.0,0.06403331999248484,0.7071255871625705,G.Smith,67.41071428571429,6.752232142857143,84.71912202380953,-4.834347532116297,29.0,72.41379310344827,12.0,66.66666666666666,2025
00-0032268,227,139.0,1695.0,10.0,7.0,0.12005174140293515,3.1971061655453274,M.Mariota,61.23348017621145,7.466960352422907,86.05910425844347,-13.157894736842103,26.0,57.692307692307686,12.0,66.66666666666666,2025
00-0032950,169,110.0,1216.0,6.0,5.0,0.19440751514773544,1.1112414902041416,C.Wentz,65.08875739644971,7.195266272189349,85.8111439842209,-17.49893299189074,15.0,66.66666666666666,,,2025
00-0033077,600,404.0,4552.0,30.0,10.0,0.2647229877274468,2.201662289157306,D.Prescott,67.33333333333333,7.586666666666667,99.52777777777779,-3.833263510682869,46.0,71.73913043478261,26.0,61.53846153846154,2025
00-0033106,578,393.0,4564.0,34.0,8.0,0.3122282643687561,1.776595577433869,J.Goff,67.99307958477509,7.896193771626297,105.4858708189158,-7.117319112834807,52.0,69.23076923076923,22.0,63.63636363636363,2025
00-0033119,485,315.0,3366.0,23.0,8.0,0.17336113207852238,1.6353199922803716,J.Brissett,64.94845360824742,6.9402061855670105,94.05927835051546,-2.4746192893400973,46.0,58.69565217391305,16.0,31.25,2025
00-0033873,502,315.0,3587.0,22.0,11.0,0.21122274634926538,0.3364148339055809,P.Mahomes,62.74900398406375,7.145418326693227,89.62483399734396,-10.429331306990889,51.0,45.09803921568628,16.0,75.0,2025
00-0034796,302,192.0,2549.0,21.0,7.0,0.2764514272578891,1.758682671292075,L.Jackson,63.576158940397356,8.440397350993377,103.75275938189847,-13.784595580347577,34.0,64.70588235294117,10.0,70.0,2025
00-0034855,543,343.0,3693.0,26.0,11.0,0.11631414671885514,-2.1161465592809603,B.Mayfield,63.16758747697975,6.801104972375691,90.58087783916514,-11.102650015229969,62.0,61.29032258064516,15.0,26.666666666666668,2025
00-0034857,534,372.0,4224.0,29.0,12.0,0.30209308038070665,3.9495822264739315,J.Allen,69.66292134831461,7.910112359550562,101.83364544319602,-1.9910698013486439,39.0,66.66666666666666,20.0,55.00000000000001,2025
00-0034869,568,379.0,4720.0,30.0,14.0,0.2887568270934465,4.66605861648723,S.Darnold,66.72535211267606,8.309859154929578,99.64788732394366,-8.592070181474156,58.0,56.896551724137936,6.0,66.66666666666666,2025
00-0035228,161,110.0,962.0,6.0,3.0,0.17357152537581472,-0.5287806509406703,K.Murray,68.32298136645963,5.975155279503106,88.574016563147,-11.106346483704975,,,,,2025
00-0035710,384,261.0,3101.0,19.0,8.0,0.28981301018443795,2.2971419322906166,D.Jones,67.96875,8.075520833333334,100.18446180555556,-2.9448621553884635,22.0,63.63636363636363,7.0,57.14285714285714,2025
00-0036212,384,260.0,2660.0,20.0,15.0,0.16279931413756302,2.020270698438815,T.Tagovailoa,67.70833333333334,6.927083333333333,88.45486111111111,-12.626262626262623,41.0,65.85365853658537,12.0,58.333333333333336,2025
00-0036264,485,315.0,3704.0,27.0,6.0,0.33665251307425886,5.275833812482108,J.Love,64.94845360824742,7.637113402061856,101.43041237113404,-8.266828591256072,62.0,51.61290322580645,18.0,66.66666666666666,2025
00-0036355,543,359.0,3886.0,26.0,13.0,0.18058404363422492,1.3340284692422124,J.Herbert,66.11418047882137,7.156537753222836,92.98265807243708,-8.268824771287825,39.0,58.97435897435898,8.0,62.5,2025
00-0036389,489,314.0,3392.0,26.0,6.0,0.17311717258446238,2.363236406878639,J.Hurts,64.21267893660531,6.936605316973415,97.1071915473756,-2.2359913793103487,53.0,54.71698113207547,10.0,50.0,2025
00-0036442,259,173.0,1809.0,17.0,5.0,0.24580296862551307,4.6542982120187055,J.Burrow,66.79536679536679,6.984555984555985,100.68371943371943,2.6710684273709546,22.0,50.0,6.0,66.66666666666666,2025
00-0036898,159,91.0,915.0,5.0,1.0,-0.009904853989735781,-6.613421734226377,D.Mills,57.23270440251572,5.754716981132075,81.61687631027252,-0.8741258741258662,26.0,61.53846153846154,,,2025
00-0036945,204,128.0,1259.0,7.0,1.0,0.08235526792461913,-1.8688385634078193,J.Fields,62.745098039215684,6.171568627450981,89.4812091503268,-2.922227335480912,16.0,50.0,7.0,42.857142857142854,2025
00-0036971,590,359.0,4214.0,32.0,14.0,0.1783189745921922,-2.0475427629847975,T.Lawrence,60.84745762711864,7.142372881355932,90.7415254237288,-4.193163751987285,39.0,64.1025641025641,10.0,20.0,2025
00-0036972,293,203.0,2155.0,13.0,6.0,0.24584461535235033,3.367273509502411,M.Jones,69.28327645051195,7.354948805460751,96.7221274175199,-14.57388398185725,41.0,63.41463414634146,7.0,28.57142857142857,2025
00-0037834,342,230.0,2569.0,22.0,13.0,0.25620105262845005,5.600021889916173,B.Purdy,67.2514619883041,7.511695906432749,95.02923976608187,1.5557476231633558,31.0,54.83870967741935,7.0,42.857142857142854,2025
00-0039150,518,325.0,3275.0,24.0,12.0,0.05866507884419512,0.46527160180581584,B.Young,62.74131274131274,6.322393822393822,86.502574002574,-6.230542880293413,52.0,50.0,23.0,56.52173913043478,2025
00-0039163,502,314.0,3503.0,21.0,13.0,0.1628835112316214,-1.6370263558551357,C.Stroud,62.54980079681275,6.97808764940239,86.43758300132802,-0.2813852813852833,42.0,52.38095238095239,8.0,37.5,2025
00-0039376,257,174.0,1586.0,8.0,5.0,0.031024699105263287,2.356776996534698,S.Rattler,67.70428015564202,6.171206225680934,86.4867055771725,-16.19047619047619,33.0,51.515151515151516,7.0,28.57142857142857,2025
00-0039732,658,414.0,4210.0,28.0,12.0,0.14634451961935163,-1.4296785163879395,B.Nix,62.91793313069909,6.398176291793313,87.75962512664641,-6.2388591800356465,66.0,53.03030303030303,12.0,41.66666666666667,2025
00-0039851,612,424.0,5222.0,37.0,12.0,0.3915549437416369,8.003999165490143,D.Maye,69.28104575163398,8.532679738562091,107.35294117647058,-15.14853433012,58.0,62.06896551724138,17.0,76.47058823529412,2025
00-0039910,188,114.0,1262.0,8.0,3.0,0.11410999807844653,-2.7290871259809912,J.Daniels,60.63829787234043,6.712765957446808,88.12056737588651,-15.389527458492978,,,9.0,44.44444444444444,2025
00-0039917,276,166.0,1982.0,9.0,3.0,0.11786285698133417,-3.6196675941799628,M.Penix,60.14492753623188,7.181159420289855,88.46618357487924,-15.217391304347828,24.0,54.166666666666664,8.0,25.0,2025
00-0039918,658,377.0,4560.0,31.0,12.0,0.1523946097767847,-4.002123195010598,C.Williams,57.29483282674772,6.930091185410334,86.8097771023303,-0.625,88.0,50.0,29.0,44.827586206896555,2025
00-0039923,243,140.0,1632.0,11.0,12.0,-0.015589295059642029,-5.7238704704937815,J.McCarthy,57.61316872427984,6.716049382716049,72.59087791495199,-15.76600677724273,35.0,54.285714285714285,8.0,62.5,2025
00-0040398,153,88.0,739.0,2.0,7.0,-0.24386700218745214,-10.029100304519808,B.Cook,57.51633986928104,4.830065359477124,55.433006535947705,-4.166666666666664,,,10.0,40.0,2025
00-0040668,212,120.0,1400.0,7.0,10.0,-0.08436183002345334,-4.999649264873603,S.Sanders,56.60377358490566,6.60377358490566,68.12106918238993,1.5295576684580396,21.0,42.857142857142854,,,2025
00-0040676,540,323.0,3169.0,15.0,7.0,0.020834488214712957,-2.9296753610781057,C.Ward,59.81481481481481,5.868518518518519,80.23919753086419,-10.682934087189409,54.0,46.2962962962963,20.0,50.0,2025
00-0040691,339,216.0,2272.0,15.0,5.0,0.15876707085912872,-0.19310220034289144,J.Dart,63.716814159292035,6.702064896755163,91.70968534906588,-5.2631578947368425,29.0,44.827586206896555,12.0,33.33333333333333,2025
00-0040704,185,110.0,937.0,7.0,2.0,-0.07880221549226607,-7.507056821117085,D.Gabriel,59.45945945945946,5.064864864864865,80.8445945945946,-5.387205387205384,21.0,57.14285714285714,5.0,20.0,2025
00-0040743,327,221.0,2384.0,10.0,6.0,0.19969899645898634,1.6081743202512226,T.Shough,67.58409785932722,7.290519877675841,91.329001019368,5.376344086021497,39.0,58.97435897435898,8.0,37.5,2025
