passer_name,passer_player_id,attempts,completions,passing_yards,touchdowns,interceptions,gsis_id,position,completion_pct_1,completion_pct_3,cmp_pct_delta,clutch_attempts,clutch_completions,clutch_yards,clutch_tds,clutch_ints,clutch_cmp_pct,clutch_ypa,fourth_down_attempts,fourth_down_completions,fourth_down_conversions,fourth_down_conversion_rate,player_id,archetype,display_name
A.Dalton,00-0027973,58,34,361.0,2,0,00-0027973,QB,,,,,,,,,,,,,,,00-0027973,The League Core,A.Dalton
A.Richardson,00-0039164,84,50,577.0,3,1,00-0039164,QB,,,,,,,,,,,,,,,,,A.Richardson
B.Gabbert,00-0027948,35,18,185.0,0,3,00-0027948,QB,,,,,,,,,,,,,,,,,B.Gabbert
B.Hoyer,00-0026625,42,23,231.0,2,2,00-0026625,QB,,,,,,,,,,,,,,,,,B.Hoyer
B.Mayfield,00-0034855,643,412,4730.0,35,12,00-0034855,QB,66.3829784409235,63.04347791824196,-3.339500522681533,20.0,12.0,152.0,2.0,1.0,59.99999700000015,7.599999620000019,11.0,6.0,6.0,54.545449586777316,00-0034855,The League Core,B.Mayfield
B.Purdy,00-0037834,548,374,5054.0,35,12,00-0037834,QB,72.80701722453063,59.398495793996275,-13.40852143053435,12.0,6.0,62.0,0.0,1.0,49.999995833333685,5.166666236111148,,,,,00-0037834,Elite Quarterbacks,B.Purdy
B.Rypien,00-0034955,38,18,172.0,0,1,00-0034955,QB,,,,,,,,,,,,,,,,,B.Rypien
B.Young,00-0039150,526,315,2877.0,15,10,00-0039150,QB,68.44919749492408,58.450703813727436,-9.998493681196642,10.0,5.0,61.0,0.0,0.0,49.9999950000005,6.099999390000061,28.0,15.0,13.0,46.428569770408224,00-0039150,The League Core,B.Young
B.Zappe,00-0038108,211,127,1272.0,7,9,00-0038108,QB,63.88888800154322,50.84745676529735,-13.04143123624587,13.0,8.0,70.0,0.0,1.0,61.538456804734096,5.384614970414233,7.0,2.0,2.0,28.5714244897965,00-0038108,Struggling & Backups,B.Zappe
C.Beathard,00-0033936,53,40,349.0,1,0,00-0033936,QB,,,,,,,,,,,,,,,00-0033936,Elite Quarterbacks,C.Beathard
C.Keenum,00-0028986,53,34,291.0,2,3,00-0028986,QB,,,,,,,,,,,,,,,00-0028986,Elite Quarterbacks,C.Keenum
C.Stroud,00-0039163,547,353,4557.0,26,5,00-0039163,QB,69.49152503112133,58.235293775086504,-11.256231256034823,14.0,12.0,182.0,2.0,0.0,85.71427959183717,12.999999071428638,8.0,3.0,3.0,37.49999531250059,00-0039163,Elite Quarterbacks,C.Stroud
D.Carr,00-0031280,548,375,3878.0,28,8,00-0031280,QB,75.55555513580248,58.70967704058273,-16.845878095219746,18.0,7.0,84.0,0.0,1.0,38.88888672839518,4.666666407407422,8.0,4.0,2.0,24.999996875000395,00-0031280,Elite Quarterbacks,D.Carr
D.Jones,00-0035710,160,108,909.0,4,6,00-0035710,QB,,,,,,,,,,,5.0,3.0,3.0,59.9999880000024,00-0035710,The League Core,D.Jones
D.Lock,00-0035704,77,48,536.0,4,3,00-0035704,QB,,,,10.0,5.0,92.0,1.0,0.0,49.9999950000005,9.199999080000092,,,,,00-0035704,The League Core,D.Lock
D.Mills,00-0036898,40,19,179.0,2,0,00-0036898,QB,,,,,,,,,,,5.0,1.0,1.0,19.9999960000008,00-0036898,The League Core,D.Mills
D.Prescott,00-0033077,650,451,4919.0,41,11,00-0033077,QB,72.09302297638364,68.58974315006576,-3.503279826317879,10.0,6.0,76.0,0.0,0.0,59.9999940000006,7.599999240000076,14.0,8.0,7.0,49.999996428571684,00-0033077,Elite Quarterbacks,D.Prescott
D.Ridder,00-0038122,386,249,2836.0,14,12,00-0038122,QB,64.17910399866341,59.04761848526078,-5.13148551340263,18.0,15.0,214.0,0.0,1.0,83.33332870370396,11.888888228395098,8.0,2.0,2.0,24.999996875000395,00-0038122,The League Core,D.Ridder
D.Watson,00-0033537,170,105,1115.0,9,5,00-0033537,QB,60.784312533640936,59.25925816186559,-1.5250543717753473,,,,,,,,,,,,00-0033537,Elite Quarterbacks,D.Watson
E.Stick,00-0035282,173,110,1126.0,5,1,00-0035282,QB,,,,,,,,,,,5.0,3.0,3.0,59.9999880000024,00-0035282,The League Core,E.Stick
G.Minshew,00-0035289,490,305,3305.0,17,9,00-0035289,QB,60.818713094627405,59.50413173963528,-1.3145813549921286,10.0,5.0,33.0,0.0,0.0,49.9999950000005,3.2999996700000334,21.0,11.0,11.0,52.38094988662143,00-0035289,The League Core,G.Minshew
G.Smith,00-0030565,495,321,3624.0,20,9,00-0030565,QB,68.71794836554899,56.93430615376419,-11.783642211784802,32.0,21.0,287.0,3.0,0.0,65.62499794921882,8.968749719726572,7.0,2.0,2.0,28.5714244897965,00-0030565,Elite Quarterbacks,G.Smith
J.Allen,00-0034857,646,432,4695.0,34,18,00-0034857,QB,74.7999997008,57.33333295111112,-17.466666749688883,12.0,6.0,65.0,1.0,0.0,49.999995833333685,5.416666215277815,11.0,5.0,5.0,45.45454132231443,00-0034857,Elite Quarterbacks,J.Allen
J.Browning,00-0035100,243,171,1936.0,13,7,00-0035100,QB,72.82608616493384,64.99999891666668,-7.826087248267157,11.0,7.0,72.0,1.0,0.0,63.6363578512402,6.545453950413278,5.0,2.0,2.0,39.9999920000016,00-0035100,Elite Quarterbacks,J.Browning
J.Burrow,00-0036442,364,244,2309.0,15,6,00-0036442,QB,66.90140797956755,68.53932507259185,1.6379170930242992,,,,,,,,5.0,4.0,3.0,59.9999880000024,00-0036442,Elite Quarterbacks,J.Burrow
J.Dobbs,00-0033949,417,262,2464.0,14,10,00-0033949,QB,65.16128990218523,61.20689602407848,-3.9543938781067496,21.0,10.0,105.0,1.0,0.0,47.61904535147403,4.999999761904773,14.0,4.0,3.0,21.428569897959292,00-0033949,The League Core,J.Dobbs
J.Driskel,00-0032436,26,13,166.0,2,2,00-0032436,QB,,,,,,,,,,,,,,,00-0032436,The League Core,J.Driskel
J.Fields,00-0036945,370,227,2562.0,18,9,00-0036945,QB,58.695651748582236,59.25925871056242,0.5636069619801845,15.0,5.0,99.0,0.0,2.0,33.33333111111126,6.59999956000003,8.0,4.0,4.0,49.99999375000079,00-0036945,The League Core,J.Fields
J.Flacco,00-0026158,250,157,1923.0,18,10,00-0026158,QB,67.30769166050297,56.66666572222224,-10.641025938280727,,,,,,,,10.0,6.0,5.0,49.9999950000005,00-0026158,The League Core,J.Flacco
J.Garoppolo,00-0031345,168,110,1205.0,7,9,00-0031345,QB,,,,,,,,,,,5.0,3.0,2.0,39.9999920000016,00-0031345,Elite Quarterbacks,J.Garoppolo
J.Goff,00-0033106,712,484,5412.0,37,12,00-0033106,QB,69.62962937174211,67.44186007301244,-2.187769298729677,20.0,17.0,163.0,1.0,0.0,84.99999575000021,8.14999959250002,31.0,13.0,13.0,41.935482518210236,00-0033106,Elite Quarterbacks,J.Goff
J.Herbert,00-0036355,456,296,3134.0,20,7,00-0036355,QB,70.30302987695134,53.719007820504075,-16.584022056447267,20.0,12.0,160.0,0.0,1.0,59.99999700000015,7.999999600000019,14.0,7.0,7.0,49.999996428571684,00-0036355,Elite Quarterbacks,J.Herbert
J.Hurts,00-0036389,573,377,4108.0,27,15,00-0036389,QB,61.214952984976854,66.41790995210515,5.202956967128294,22.0,11.0,99.0,1.0,3.0,49.99999772727283,4.4999997954545545,13.0,8.0,6.0,46.15384260355057,00-0036389,Elite Quarterbacks,J.Hurts
J.Love,00-0036264,632,409,4625.0,39,13,00-0036264,QB,71.48936139791762,59.32203356315235,-12.167327834765267,27.0,11.0,120.0,1.0,4.0,40.74073923182447,4.4444442798353965,18.0,11.0,10.0,55.555552469135975,00-0036264,Elite Quarterbacks,J.Love
J.Stidham,00-0035264,66,40,496.0,2,1,00-0035264,QB,,,,,,,,,,,,,,,,,J.Stidham
J.Winston,00-0031503,47,24,264.0,2,4,00-0031503,QB,,,,,,,,,,,,,,,00-0031503,Elite Quarterbacks,J.Winston
K.Cousins,00-0029604,309,216,2331.0,19,5,00-0029604,QB,68.18181756198348,65.47618969671203,-2.7056278652714525,12.0,6.0,57.0,0.0,1.0,49.999995833333685,4.7499996041667,10.0,7.0,7.0,69.9999930000007,00-0029604,Elite Quarterbacks,K.Cousins
K.Murray,00-0035228,267,176,1799.0,14,5,00-0035228,QB,67.30769166050297,68.11594104179795,0.8082493812949849,14.0,9.0,116.0,0.0,0.0,64.28570969387788,8.285713693877593,11.0,6.0,5.0,45.45454132231443,00-0035228,Elite Quarterbacks,K.Murray
K.Pickett,00-0038102,323,201,2070.0,6,5,00-0038102,QB,73.68420987996306,52.67857095822704,-21.005638921736022,,,,,,,,,,,,00-0038102,The League Core,K.Pickett
L.Jackson,00-0034796,515,343,4102.0,29,8,00-0034796,QB,70.53140062545216,55.73770446116636,-14.793696164285805,11.0,7.0,95.0,1.0,0.0,63.6363578512402,8.636362851239742,5.0,2.0,2.0,39.9999920000016,00-0034796,Elite Quarterbacks,L.Jackson
M.Jones,00-0036972,345,223,2120.0,14,12,00-0036972,QB,72.72727217630855,53.19148879583523,-19.53578338047332,26.0,16.0,155.0,1.0,1.0,61.53845917159772,5.961538232248529,10.0,4.0,3.0,29.9999970000003,00-0036972,The League Core,M.Jones
M.Rudolph,00-0034771,112,76,948.0,5,1,00-0034771,QB,,,,,,,,,,,,,,,00-0034771,The League Core,M.Rudolph
M.Stafford,00-0026498,554,351,4332.0,27,12,00-0026498,QB,64.8514848274679,61.42857098979593,-3.4229138376719703,15.0,7.0,76.0,0.0,0.0,46.666663555555765,5.066666328888911,8.0,6.0,6.0,74.99999062500117,00-0026498,Elite Quarterbacks,M.Stafford
M.Trubisky,00-0033869,106,67,632.0,4,5,00-0033869,QB,,,,,,,,,,,5.0,2.0,1.0,19.9999960000008,00-0033869,The League Core,M.Trubisky
N.Mullens,00-0033319,147,99,1306.0,7,8,00-0033319,QB,,,,,,,,,,,5.0,2.0,1.0,19.9999960000008,00-0033319,Elite Quarterbacks,N.Mullens
P.Mahomes,00-0033873,744,504,5234.0,39,16,00-0033873,QB,67.6056335647689,63.44085987397388,-4.164773690795016,30.0,13.0,124.0,2.0,0.0,43.333331888888935,4.13333319555556,12.0,4.0,4.0,33.33333055555579,00-0033873,Elite Quarterbacks,P.Mahomes
P.Walker,00-0033275,110,54,674.0,1,6,00-0033275,QB,,,,,,,,,,,,,,,00-0033275,Struggling & Backups,P.Walker
R.Tannehill,00-0029701,228,148,1616.0,4,7,00-0029701,QB,66.249999171875,61.19402893740256,-5.055970234472447,,,,,,,,5.0,4.0,4.0,79.9999840000032,00-0029701,Elite Quarterbacks,R.Tannehill
R.Wilson,00-0029263,443,294,3070.0,27,9,00-0029263,QB,67.56756720233747,64.76190414512473,-2.8056630572127403,29.0,15.0,184.0,2.0,1.0,51.72413614744358,6.344827367419746,,,,,00-0029263,Elite Quarterbacks,R.Wilson
S.Darnold,00-0034869,45,28,297.0,2,1,00-0034869,QB,,,,,,,,,,,,,,,00-0034869,The League Core,S.Darnold
S.Howell,00-0037077,612,386,3946.0,26,21,00-0037077,QB,63.67187475128174,58.571428153061234,-5.100446598220508,28.0,15.0,167.0,3.0,1.0,53.57142665816333,5.964285501275517,19.0,13.0,10.0,52.63157617728547,00-0037077,The League Core,S.Howell
T.Bagent,00-0038416,143,94,859.0,4,7,00-0038416,QB,,,,,,,,,,,,,,,00-0038416,The League Core,T.Bagent
T.Boyle,00-0034177,77,48,360.0,2,5,00-0034177,QB,,,,,,,,,,,6.0,5.0,4.0,66.66665555555741,,,T.Boyle
T.DeVito,00-0038476,178,114,1101.0,8,3,00-0038476,QB,65.15151416437101,69.64285589923472,4.49134173486371,,,,,,,,10.0,5.0,4.0,39.9999960000004,00-0038476,The League Core,T.DeVito
T.Heinicke,00-0031800,134,74,890.0,5,4,00-0031800,QB,,,,,,,,,,,,,,,00-0031800,The League Core,T.Heinicke
T.Huntley,00-0035993,37,21,203.0,3,0,00-0035993,QB,,,,,,,,,,,,,,,00-0035993,The League Core,T.Huntley
T.Lawrence,00-0036971,565,370,4014.0,22,15,00-0036971,QB,68.9655169016477,63.30935206252265,-5.656164839125054,,,,,,,,13.0,6.0,4.0,30.769228402367048,00-0036971,The League Core,T.Lawrence
T.Siemian,00-0032156,154,86,724.0,3,4,00-0032156,QB,,,,11.0,4.0,48.0,0.0,0.0,36.363633057851544,4.363635966942185,,,,,00-0032156,The League Core,T.Siemian
T.Tagovailoa,00-0036212,597,408,4823.0,34,15,00-0036212,QB,70.56074733382829,63.63636325068871,-6.924384083139579,16.0,9.0,51.0,1.0,1.0,56.24999648437522,3.187499800781262,17.0,11.0,8.0,47.05882076124583,00-0036212,Elite Quarterbacks,T.Tagovailoa
T.Taylor,00-0028118,174,116,1341.0,5,3,00-0028118,QB,70.3124989013672,58.18181712396696,-12.130681777400248,21.0,12.0,76.0,0.0,1.0,57.14285442176883,3.619047446712026,5.0,3.0,2.0,39.9999920000016,00-0028118,The League Core,T.Taylor
W.Levis,00-0039152,254,149,1801.0,10,4,00-0039152,QB,58.333332725694454,53.42465680240196,-4.908675923292492,19.0,9.0,92.0,0.0,1.0,47.368418559556915,4.842105008310263,,,,,00-0039152,The League Core,W.Levis
Z.Wilson,00-0037013,365,221,2271.0,8,7,00-0037013,QB,65.69343017742023,56.249999414062515,-9.44343076335771,17.0,8.0,137.0,0.0,1.0,47.05882076124583,8.05882305536335,6.0,6.0,3.0,49.99999166666805,00-0037013,The League Core,Z.Wilson
