player_id,display_name,attempts,completions,passing_yards,passing_tds,interceptions,passer_rating,completion_pct,td_rate,int_rate,yards_per_attempt,cluster,archetype,clutch_attempts,clutch_completions,clutch_yards,clutch_tds,clutch_ints,clutch_cmp_pct,clutch_ypa,completion_pct_1,completion_pct_3,cmp_pct_delta,fourth_down_attempts,fourth_down_completions,fourth_down_conversions,fourth_down_conversion_rate
00-0019596,Tom Brady,2675,1749,18700.0,132,41.0,95.74014081722976,0.6538317757009345,0.049345794392523366,0.015327102803738318,6.990654205607477,1,Elite Quarterbacks,,,,,,,,,,,,,,
00-0020531,Drew Brees,768,556,5921.0,51,10.0,111.3240231990232,0.7239583333333334,0.06640625,0.013020833333333334,7.709635416666667,1,Elite Quarterbacks,,,,,,,,,,,,,,
00-0022803,Eli Manning,147,91,1042.0,6,5.0,82.63888888888889,0.6190476190476191,0.04081632653061224,0.034013605442176874,7.08843537414966,0,The League Core,,,,,,,,,,,,,,
00-0022924,Ben Roethlisberger,1213,789,7543.0,55,20.0,90.43308571661592,0.6504534212695795,0.04534212695795548,0.016488046166529265,6.218466611706512,0,The League Core,,,,,,,,,,,,,,
00-0022942,Philip Rivers,1134,759,8784.0,47,31.0,92.73967944583111,0.6693121693121693,0.04144620811287478,0.027336860670194002,7.746031746031746,1,Elite Quarterbacks,,,,,,,,,,,,,,
00-0023436,Alex Smith,252,168,1582.0,6,8.0,78.50529100529101,0.6666666666666666,0.023809523809523808,0.031746031746031744,6.277777777777778,0,The League Core,,,,,,,,,,,,,,
00-0023459,Aaron Rodgers,2168,1441,16111.0,137,25.0,104.97186901585847,0.6646678966789668,0.06319188191881919,0.011531365313653136,7.431273062730627,1,Elite Quarterbacks,,,,,,,,,,,,,,
00-0023682,Ryan Fitzpatrick,769,494,5620.0,33,21.0,90.5336052792575,0.6423927178153446,0.04291287386215865,0.027308192457737322,7.308192457737321,1,Elite Quarterbacks,,,,,,,,,,,,,,
00-0026143,Matt Ryan,2263,1499,16072.0,86,50.0,89.92344665359381,0.6623950508174989,0.03800265134776845,0.02209456473707468,7.102076889085285,1,Elite Quarterbacks,,,,,,,,,,,,,,
00-0026158,Joe Flacco,791,478,5353.0,30,19.0,82.77967080035953,0.6042983565107459,0.03792667509481669,0.02402022756005057,6.767383059418457,0,The League Core,,,,,,,,,,,,,,
00-0026498,Matthew Stafford,2244,1462,17521.0,120,51.0,97.04419104704672,0.6515151515151515,0.053475935828877004,0.022727272727272728,7.8079322638146165,1,Elite Quarterbacks,,,,,,,,,,,,,,
00-0027688,Colt McCoy,132,90,780.0,1,3.0,76.57828282828282,0.6818181818181818,0.007575757575757576,0.022727272727272728,5.909090909090909,0,The League Core,,,,,,,,,,,,,,
00-0027939,Cam Newton,494,311,3341.0,12,15.0,73.63833894064872,0.6295546558704453,0.024291497975708502,0.030364372469635626,6.7631578947368425,0,The League Core,,,,,,,,,,,,,,
00-0027973,Andy Dalton,1475,931,10050.0,56,40.0,84.41312444887656,0.6311864406779661,0.03796610169491525,0.02711864406779661,6.813559322033898,0,The League Core,,,,,,,,,,,,,,
00-0028118,Tyrod Taylor,330,207,2307.0,10,8.0,82.9189814814815,0.6272727272727273,0.030303030303030304,0.024242424242424242,6.990909090909091,0,The League Core,,,,,,,,,,,,,,
00-0028986,Case Keenum,247,160,1707.0,11,5.0,91.27024291497975,0.6477732793522267,0.044534412955465584,0.020242914979757085,6.910931174089069,1,Elite Quarterbacks,,,,,,,,,,,,,,
00-0029263,Russell Wilson,2404,1573,18029.0,138,43.0,99.37391193317949,0.6543261231281198,0.05740432612312812,0.01788685524126456,7.499584026622296,1,Elite Quarterbacks,,,,,,,,,,,,,,
00-0029567,Nick Foles,429,279,2588.0,13,10.0,82.6655982905983,0.6503496503496503,0.030303030303030304,0.023310023310023312,6.032634032634032,0,The League Core,,,,,,,,,,,,,,
00-0029604,Kirk Cousins,2475,1668,18967.0,141,45.0,102.34976629304026,0.673939393939394,0.05696969696969697,0.01818181818181818,7.663434343434344,1,Elite Quarterbacks,,,,,,,,,,,,,,
00-0029701,Ryan Tannehill,1853,1234,14447.0,96,40.0,97.81023444947542,0.6659471127900701,0.05180787911494873,0.021586616297895305,7.796546141392337,1,Elite Quarterbacks,,,,,,,,,,,,,,
00-0030520,Mike Glennon,346,201,1862.0,11,15.0,64.92371402446503,0.5809248554913294,0.031791907514450865,0.04335260115606936,5.381502890173411,2,Struggling & Backups,,,,,,,,,,,,,,
00-0030565,Geno Smith,1071,722,7906.0,50,20.0,96.50210969724998,0.6741363211951448,0.04668534080298786,0.018674136321195144,7.381886087768441,1,Elite Quarterbacks,,,,,,,,,,,,,,
00-0031237,Teddy Bridgewater,1114,758,8169.0,42,20.0,95.38776811728546,0.6804308797127468,0.03770197486535009,0.017953321364452424,7.333034111310592,1,Elite Quarterbacks,,,,,,,,,,,,,,
00-0031280,Derek Carr,2706,1817,20361.0,120,53.0,96.02871495469006,0.6714708056171471,0.04434589800443459,0.01958610495195861,7.524390243902439,1,Elite Quarterbacks,,,,,,,,,,,,,,
00-0031345,Jimmy Garoppolo,1534,1041,12526.0,77,43.0,94.76460149238106,0.6786179921773142,0.050195567144719684,0.02803129074315515,8.165580182529336,1,Elite Quarterbacks,,,,,,,,,,,,,,
00-0031503,Jameis Winston,902,548,7137.0,51,38.0,88.86060012744275,0.6075388026607539,0.0565410199556541,0.04212860310421286,7.912416851441241,1,Elite Quarterbacks,,,,,,,,,,,,,,
00-0031800,Taylor Heinicke,889,556,6168.0,37,25.0,83.39708859252202,0.625421822272216,0.04161979752530934,0.0281214848143982,6.938132733408324,0,The League Core,,,,,,,,,,,,,,
00-0032156,Trevor Siemian,341,194,1878.0,13,7.0,75.24582232420155,0.5689149560117303,0.03812316715542522,0.020527859237536656,5.507331378299121,0,The League Core,,,,,,,,,,,,,,
00-0032268,Marcus Mariota,460,279,3422.0,22,11.0,90.22309027777777,0.6065217391304348,0.04782608695652174,0.02391304347826087,7.439130434782609,1,Elite Quarterbacks,,,,,,,,,,,,,,
00-0032434,Brandon Allen,142,90,925.0,5,4.0,82.04225352112677,0.6338028169014085,0.035211267605633804,0.028169014084507043,6.514084507042254,0,The League Core,,,,,,,,,,,,,,
00-0032436,Jeff Driskel,105,62,685.0,4,4.0,75.29761904761904,0.5904761904761905,0.0380952380952381,0.0380952380952381,6.523809523809524,0,The League Core,,,,,,,,,,,,,,
00-0032950,Carson Wentz,1836,1133,11977.0,81,38.0,85.19584781238089,0.6171023965141612,0.04411764705882353,0.020697167755991286,6.523420479302832,0,The League Core,,,,,,,,,,,,,,
00-0033077,Dak Prescott,2398,1620,18583.0,135,49.0,100.10196485033197,0.6755629691409508,0.05629691409507923,0.02043369474562135,7.7493744787322765,1,Elite Quarterbacks,,,,,,,,,,,,,,
00-0033106,Jared Goff,2864,1885,20848.0,120,56.0,93.0535899369646,0.6581703910614525,0.04189944134078212,0.019553072625698324,7.279329608938547,1,Elite Quarterbacks,,,,,,,,,,,,,,
00-0033119,Jacoby Brissett,1041,649,6833.0,35,16.0,85.0015505356396,0.6234390009606148,0.03362151777137368,0.01536983669548511,6.56388088376561,0,The League Core,,,,,,,,,,,,,,
00-0033275,PJ Walker,217,117,1405.0,4,8.0,65.0729148960281,0.5391705069124424,0.018433179723502304,0.03686635944700461,6.474654377880184,2,Struggling & Backups,,,,,,,,,,,,,,
00-0033319,Nick Mullens,474,311,3743.0,19,20.0,86.2505526999392,0.6561181434599156,0.04008438818565401,0.04219409282700422,7.89662447257384,1,Elite Quarterbacks,,,,,,,,,,,,,,
00-0033357,Taysom Hill,255,166,1906.0,8,7.0,87.09088853254389,0.6509803921568628,0.03137254901960784,0.027450980392156862,7.474509803921569,0,The League Core,,,,,,,,,,,,,,
00-0033537,Deshaun Watson,1380,919,10892.0,73,28.0,93.44733271016408,0.6659420289855073,0.05289855072463768,0.020289855072463767,7.892753623188406,1,Elite Quarterbacks,,,,,,,,,,,,,,
00-0033662,Cooper Rush,162,94,1051.0,5,3.0,80.0411522633745,0.5802469135802469,0.030864197530864196,0.018518518518518517,6.487654320987654,0,The League Core,,,,,,,,,,,,,,
00-0033869,Mitchell Trubisky,1100,709,7077.0,41,28.0,82.34789033870302,0.6445454545454545,0.03727272727272727,0.025454545454545455,6.433636363636364,0,The League Core,,,,,,,,,,,,,,
00-0033873,Patrick Mahomes,2975,1981,23043.0,169,50.0,101.94282113009237,0.6658823529411765,0.05680672268907563,0.01680672268907563,7.745546218487395,1,Elite Quarterbacks,,,,,,,,,,,,,,
00-0033936,C.J. Beathard,104,66,787.0,6,0.0,105.72916666666667,0.6346153846153846,0.057692307692307696,0.0,7.5673076923076925,1,Elite Quarterbacks,,,,,,,,,,,,,,
00-0033949,Joshua Dobbs,417,262,2464.0,13,10.0,79.46143085531574,0.6282973621103117,0.03117505995203837,0.023980815347721823,5.908872901678657,0,The League Core,,,,,,,,,,,,,,
00-0034343,Josh Rosen,109,58,567.0,1,5.0,52.04510703363915,0.5321100917431193,0.009174311926605505,0.045871559633027525,5.201834862385321,2,Struggling & Backups,,,,,,,,,,,,,,
00-0034401,Mike White,307,191,2145.0,8,12.0,75.39853896103895,0.6221498371335505,0.026058631921824105,0.03908794788273615,6.986970684039088,0,The League Core,,,,,,,,,,,,,,
00-0034577,Kyle Allen,489,303,3322.0,17,16.0,79.98040218132242,0.6196319018404908,0.034764826175869123,0.032719836400818,6.793456032719837,0,The League Core,,,,,,,,,,,,,,
00-0034771,Mason Rudolph,283,176,1765.0,13,9.0,81.95671378091873,0.6219081272084805,0.045936395759717315,0.03180212014134275,6.236749116607774,0,The League Core,,,,,,,,,,,,,,
00-0034796,Lamar Jackson,1942,1263,14686.0,119,42.0,98.68713506010798,0.6503604531410917,0.061277033985581875,0.021627188465499485,7.562306900102986,1,Elite Quarterbacks,,,,,,,,,,,,,,
00-0034855,Baker Mayfield,2340,1441,16663.0,104,60.0,86.48385919298323,0.6158119658119658,0.044444444444444446,0.02564102564102564,7.1209401709401705,0,The League Core,,,,,,,,,,,,,,
00-0034857,Josh Allen,2825,1820,20629.0,157,66.0,94.69465297243423,0.6442477876106195,0.05557522123893805,0.02336283185840708,7.302300884955752,1,Elite Quarterbacks,,,,,,,,,,,,,,
00-0034869,Sam Darnold,1351,815,8902.0,44,40.0,80.39972972315952,0.6032568467801629,0.03256846780162842,0.029607698001480384,6.58919319022946,0,The League Core,,,,,,,,,,,,,,
00-0035040,David Blough,174,94,984.0,4,6.0,63.96072796934865,0.5402298850574713,0.022988505747126436,0.034482758620689655,5.655172413793103,2,Struggling & Backups,,,,,,,,,,,,,,
00-0035100,Jake Browning,243,171,1936.0,12,7.0,98.37962962962963,0.7037037037037037,0.04938271604938271,0.02880658436213992,7.967078189300412,1,Elite Quarterbacks,,,,,,,,,,,,,,
00-0035228,Kyler Murray,2236,1489,15677.0,94,46.0,91.83779695474962,0.6659212880143113,0.04203935599284436,0.020572450805008944,7.011180679785331,1,Elite Quarterbacks,,,,,,,,,,,,,,
00-0035232,Dwayne Haskins,444,267,2804.0,12,14.0,74.51441551008728,0.6013513513513513,0.02702702702702703,0.03153153153153153,6.315315315315315,0,The League Core,,,,,,,,,,,,,,
00-0035282,Easton Stick,174,111,1129.0,3,1.0,85.63218390804597,0.6379310344827587,0.017241379310344827,0.005747126436781609,6.488505747126437,0,The League Core,,,,,,,,,,,,,,
00-0035289,Gardner Minshew,1287,806,8835.0,52,20.0,90.54974442766893,0.6262626262626263,0.04040404040404041,0.01554001554001554,6.864801864801865,0,The League Core,,,,,,,,,,,,,,
00-0035577,Devlin Hodges,160,100,1063.0,5,8.0,71.43229166666667,0.625,0.03125,0.05,6.64375,0,The League Core,,,,,,,,,,,,,,
00-0035704,Drew Lock,710,421,4740.0,25,20.0,81.83175687408193,0.5929577464788732,0.035211267605633804,0.028169014084507043,6.676056338028169,0,The League Core,,,,,,,,,,,,,,
00-0035710,Daniel Jones,1900,1221,12512.0,62,40.0,83.19348316718057,0.6426315789473684,0.03263157894736842,0.021052631578947368,6.585263157894737,0,The League Core,,,,,,,,,,,,,,
00-0035993,Tyler Huntley,300,197,1739.0,5,7.0,76.86565982776088,0.6566666666666666,0.016666666666666666,0.023333333333333334,5.796666666666667,0,The League Core,,,,,,,,,,,,,,
00-0036212,Tua Tagovailoa,1638,1096,12639.0,81,37.0,95.92315175714793,0.6691086691086691,0.04945054945054945,0.022588522588522588,7.716117216117216,1,Elite Quarterbacks,,,,,,,,,,,,,,
00-0036264,Jordan Love,579,372,4159.0,32,11.0,96.06001727115716,0.6424870466321243,0.055267702936096716,0.018998272884283247,7.18307426597582,1,Elite Quarterbacks,,,,,,,,,,,,,,
00-0036312,Jake Luton,110,60,624.0,2,6.0,54.50757575757576,0.5454545454545454,0.01818181818181818,0.05454545454545454,5.672727272727273,2,Struggling & Backups,,,,,,,,,,,,,,
00-0036355,Justin Herbert,2422,1613,17223.0,114,42.0,95.5774900020527,0.6659785301403799,0.04706853839801817,0.017341040462427744,7.111065235342692,1,Elite Quarterbacks,,,,,,,,,,,,,,
00-0036389,Jalen Hurts,1578,1000,11764.0,67,34.0,88.85521433089251,0.6337135614702155,0.042458808618504436,0.021546261089987327,7.455006337135615,1,Elite Quarterbacks,,,,,,,,,,,,,,
00-0036442,Joe Burrow,1895,1288,14083.0,97,37.0,97.46869071621336,0.6796833773087071,0.05118733509234828,0.019525065963060684,7.431662269129288,1,Elite Quarterbacks,,,,,,,,,,,,,,
00-0036879,Sam Ehlinger,101,64,573.0,3,3.0,76.0519801980198,0.6336633663366337,0.0297029702970297,0.0297029702970297,5.673267326732673,0,The League Core,,,,,,,,,,,,,,
00-0036898,Davis Mills,873,555,5782.0,33,25.0,83.81566839403862,0.6357388316151202,0.037800687285223365,0.0286368843069874,6.623138602520045,0,The League Core,,,,,,,,,,,,,,
00-0036945,Justin Fields,958,578,6674.0,40,30.0,81.58207211404277,0.6033402922755741,0.04175365344467641,0.031315240083507306,6.966597077244259,0,The League Core,,,,,,,,,,,,,,
00-0036971,Trevor Lawrence,1750,1116,11770.0,58,39.0,85.18675448030872,0.6377142857142857,0.03314285714285714,0.022285714285714287,6.725714285714286,0,The League Core,,,,,,,,,,,,,,
00-0036972,Mac Jones,1308,864,8918.0,46,36.0,84.74924922619205,0.6605504587155964,0.035168195718654434,0.027522935779816515,6.818042813455658,0,The League Core,,,,,,,,,,,,,,
00-0037013,Zach Wilson,993,566,6293.0,23,25.0,73.22051587727866,0.5699899295065458,0.023162134944612285,0.025176233635448138,6.337361530715005,0,The League Core,,,,,,,,,,,,,,
00-0037077,Sam Howell,612,388,3946.0,21,21.0,78.92156862745097,0.6339869281045751,0.03431372549019608,0.03431372549019608,6.447712418300654,0,The League Core,,,,,,,,,,,,,,
00-0037327,Skylar Thompson,105,60,534.0,1,3.0,62.162698412698404,0.5714285714285714,0.009523809523809525,0.02857142857142857,5.085714285714285,2,Struggling & Backups,,,,,,,,,,,,,,
00-0037834,Brock Purdy,614,422,5654.0,44,15.0,110.16759406465289,0.6872964169381107,0.07166123778501629,0.024429967426710098,9.208469055374593,1,Elite Quarterbacks,,,,,,,,,,,,,,
00-0038102,Kenny Pickett,713,446,4474.0,13,13.0,79.0531739608789,0.6255259467040674,0.0182328190743338,0.0182328190743338,6.274894810659187,0,The League Core,,,,,,,,,,,,,,
00-0038108,Bailey Zappe,212,127,1272.0,6,9.0,68.75,0.5990566037735849,0.02830188679245283,0.04245283018867924,6.0,2,Struggling & Backups,,,,,,,,,,,,,,
00-0038122,Desmond Ridder,503,322,3544.0,14,12.0,84.93594053488721,0.6401590457256461,0.027833001988071572,0.02385685884691849,7.045725646123261,0,The League Core,,,,,,,,,,,,,,
00-0038416,Tyson Bagent,143,94,859.0,3,6.0,71.40151515151516,0.6573426573426573,0.02097902097902098,0.04195804195804196,6.006993006993007,0,The League Core,,,,,,,,,,,,,,
00-0038476,Tommy DeVito,178,114,1101.0,8,3.0,89.18539325842696,0.6404494382022472,0.0449438202247191,0.016853932584269662,6.185393258426966,0,The League Core,,,,,,,,,,,,,,
00-0038579,Aidan O'Connell,343,213,2218.0,12,7.0,83.93464528668609,0.6209912536443148,0.03498542274052478,0.02040816326530612,6.466472303206997,0,The League Core,,,,,,,,,,,,,,
00-0038583,Dorian Thompson-Robinson,112,60,440.0,1,4.0,51.19047619047619,0.5357142857142857,0.008928571428571428,0.03571428571428571,3.9285714285714284,2,Struggling & Backups,,,,,,,,,,,,,,
00-0039150,Bryce Young,527,315,2877.0,11,10.0,73.6914927261227,0.5977229601518027,0.020872865275142316,0.018975332068311195,5.459203036053131,0,The League Core,,,,,,,,,,,,,,
00-0039152,Will Levis,255,149,1808.0,8,4.0,84.24019607843137,0.5843137254901961,0.03137254901960784,0.01568627450980392,7.090196078431372,0,The League Core,,,,,,,,,,,,,,
00-0039163,C.J. Stroud,499,319,4108.0,23,5.0,100.84752839011355,0.6392785571142284,0.04609218436873747,0.01002004008016032,8.23246492985972,1,Elite Quarterbacks,,,,,,,,,,,,,,
