player_id,season,season_type,completions,attempts,passing_yards,passing_tds,interceptions,sacks,sack_yards,sack_fumbles,sack_fumbles_lost,passing_air_yards,passing_yards_after_catch,passing_first_downs,passing_epa,passing_2pt_conversions,pacr,dakota,carries,rushing_yards,rushing_tds,rushing_fumbles,rushing_fumbles_lost,rushing_first_downs,rushing_epa,rushing_2pt_conversions,receptions,targets,receiving_yards,receiving_tds,receiving_fumbles,receiving_fumbles_lost,receiving_air_yards,receiving_yards_after_catch,receiving_first_downs,receiving_epa,receiving_2pt_conversions,racr,target_share,air_yards_share,wopr_x,special_teams_tds,fantasy_points,fantasy_points_ppr,games,tgt_sh,ay_sh,yac_sh,wopr_y,ry_sh,rtd_sh,rfd_sh,rtdfd_sh,dom,w8dom,yptmpa,ppr_sh,gsis_id,display_name,passer_rating,rating_change_yoy
00-0023459,2019,REG,353,569,4002.0,26,4.0,36.0,284.0,3,3,5006.0,2020.0,189.0,57.70745093267907,2,13.523566391199427,1.750913828202606,46,183.0,1,1.0,1.0,9.0,-0.8270631845766241,1,0,0,0.0,0,0.0,0.0,0.0,0.0,0.0,0.0,0,0.0,0.0,0.0,0.0,0.0,278.38,278.38,16,0.0,0.0,0.0,0.0,0.0,0.0,0.0,0.0,0.0,0.0,0.0,0.1917376091688018,00-0023459,Aaron Rodgers,95.39030462800234,
00-0023459,2020,REG,372,526,4299.0,48,5.0,20.0,182.0,1,1,4135.0,2248.0,216.0,186.2518480531837,0,17.374026061954453,3.555300860147336,38,149.0,3,3.0,1.0,15.0,2.940303419716656,0,1,1,-6.0,0,0.0,0.0,-4.0,-2.0,0.0,-1.355170501046814,0,0.0,0.03333333333333333,-0.01444043321299639,0.03989169675090253,0.0,382.26,383.26,16,0.0019011406844106464,-0.0009673518742442564,-0.0008896797153024911,0.0020778295272205647,-0.0013956734124214933,0.0,0.0,0.0,-0.0006978367062107466,-0.0011165387299371947,-0.011406844106463879,0.2192989483080233,00-0023459,Aaron Rodgers,121.53041825095056,26.14011362294822
00-0023459,2021,REG,366,531,4115.0,37,4.0,30.0,188.0,1,0,4084.0,2177.0,213.0,129.76606195780067,0,16.83842883558605,2.84116520492683,33,101.0,3,2.0,0.0,10.0,5.831224214693066,0,1,1,-4.0,0,0.0,0.0,-4.0,0.0,0.0,-1.2434462904930115,0,0.0,0.03225806451612903,-0.011299435028248588,0.04047749225441954,0.0,332.3,333.3,16,0.0017889087656529517,-0.0009287206872533086,0.0,0.001940386598676781,-0.0009225092250922509,0.0,0.0,0.0,-0.00046125461254612545,-0.0007380073800738007,-0.007155635062611807,0.20729674594487016,00-0023459,Aaron Rodgers,111.89971751412429,-9.63070073682627
00-0023459,2022,REG,350,542,3695.0,26,12.0,32.0,258.0,4,2,4327.0,1893.0,177.0,-6.309945535983276,2,16.405610028274516,1.5024781053495646,34,94.0,1,2.0,2.0,9.0,-7.814973868954614,0,0,0,0.0,0,0.0,0.0,0.0,0.0,0.0,0.0,0,0.0,0.0,0.0,0.0,0.0,239.2,239.2,17,0.0,0.0,0.0,0.0,0.0,0.0,0.0,0.0,0.0,0.0,0.0,0.16658541681175568,00-0023459,Aaron Rodgers,91.06703567035672,-20.832681843767574
00-0026498,2019,REG,187,291,2499.0,19,5.0,18.0,137.0,3,2,3109.0,890.0,117.0,69.60849164905136,0,6.4082713715126784,1.0927714532640564,20,66.0,0,2.0,1.0,5.0,-6.597905584349064,0,0,0,0.0,0,0.0,0.0,0.0,0.0,0.0,0.0,0,0.0,0.0,0.0,0.0,0.0,166.56,166.56,8,0.0,0.0,0.0,0.0,0.0,0.0,0.0,0.0,0.0,0.0,0.0,0.2077688795748821,00-0026498,Matthew Stafford,106.0209049255441,
00-0026498,2020,REG,339,528,4084.0,26,10.0,38.0,254.0,2,1,4609.0,1741.0,205.0,55.84689829382474,2,16.86393990038365,1.7380348453668277,29,112.0,0,0.0,0.0,12.0,4.182768867578325,0,0,1,0.0,0,0.0,0.0,15.0,0.0,0.0,-0.4681624989025295,0,0.0,0.023809523809523808,0.045454545454545456,0.06753246753246753,0.0,260.56,260.56,16,0.001718213058419244,0.003011443485243927,0.0,0.004986474375824008,0.0,0.0,0.0,0.0,0.0,0.0,0.0,0.17516874176459515,00-0026498,Matthew Stafford,96.33838383838383,-9.682521087160268
00-0026498,2021,REG,404,601,4886.0,41,17.0,30.0,243.0,4,2,5094.0,2124.0,233.0,116.43642310095349,2,17.10571240608431,2.4369472029108756,32,43.0,0,1.0,0.0,8.0,-1.9016529319342226,0,0,0,0.0,0,0.0,0.0,0.0,0.0,0.0,0.0,0,0.0,0.0,0.0,0.0,0.0,329.74,329.74,17,0.0,0.0,0.0,0.0,0.0,0.0,0.0,0.0,0.0,0.0,0.0,0.1938142148449439,00-0026498,Matthew Stafford,102.92914586799779,6.5907620296139555
00-0026498,2022,REG,206,303,2087.0,10,8.0,29.0,208.0,4,3,2027.0,1119.0,105.0,-24.03734681550175,0,9.687971224528836,0.6961748722739384,13,9.0,1,1.0,0.0,3.0,-2.5026393159641884,0,0,0,0.0,0,0.0,0.0,0.0,0.0,0.0,0.0,0,0.0,0.0,0.0,0.0,0.0,108.38000000000001,108.38000000000001,9,0.0,0.0,0.0,0.0,0.0,0.0,0.0,0.0,0.0,0.0,0.0,0.15609517225486808,00-0026498,Matthew Stafford,87.43811881188118,-15.491027056116607
00-0026498,2023,REG,326,521,3965.0,24,11.0,30.0,205.0,0,0,4033.0,1890.0,187.0,55.03210787712951,1,15.714152391074743,1.2871096315545254,21,65.0,0,0.0,0.0,4.0,3.9656354920298327,0,0,0,0.0,0,0.0,0.0,0.0,0.0,0.0,0.0,1,0.0,0.0,0.0,0.0,0.0,243.1,243.1,15,0.0,0.0,0.0,0.0,0.0,0.0,0.0,0.0,0.0,0.0,0.0,0.17329873536834,00-0026498,Matthew Stafford,92.49440179142675,5.056282979545571
00-0029263,2019,REG,341,516,4110.0,31,5.0,48.0,319.0,5,0,4830.0,1723.0,190.0,87.7924086832474,1,14.441860809011434,2.546694431801803,75,342.0,3,3.0,2.0,17.0,-8.743588314711815,0,0,0,0.0,0,0.0,0.0,0.0,0.0,0.0,0.0,0,0.0,0.0,0.0,0.0,0.0,328.6,328.6,16,0.0,0.0,0.0,0.0,0.0,0.0,0.0,0.0,0.0,0.0,0.0,0.218716719914803,00-0029263,Russell Wilson,106.33074935400518,
00-0029263,2020,REG,384,558,4212.0,40,13.0,47.0,301.0,2,2,4809.0,1827.0,213.0,78.27155225282836,1,14.615686342499487,2.629492442354223,83,513.0,2,4.0,2.0,25.0,2.0186417865625117,0,0,0,0.0,0,0.0,0.0,0.0,0.0,0.0,0.0,0,0.0,0.0,0.0,0.0,0.0,359.78000000000003,359.78000000000003,16,0.0,0.0,0.0,0.0,0.0,0.0,0.0,0.0,0.0,0.0,0.0,0.21945833841649384,00-0029263,Russell Wilson,105.07019115890084,-1.2605581951043376
00-0029263,2021,REG,259,400,3113.0,25,6.0,33.0,266.0,4,1,3955.0,1383.0,135.0,16.506031373268872,1,11.846254433540036,1.6655767463966682,43,183.0,2,2.0,0.0,17.0,-2.4279138694765168,0,0,0,0.0,0,0.0,0.0,0.0,0.0,0.0,0.0,0,0.0,0.0,0.0,0.0,0.0,242.82,242.82,14,0.0,0.0,0.0,0.0,0.0,0.0,0.0,0.0,0.0,0.0,0.0,0.19641499360975845,00-0029263,Russell Wilson,103.05208333333333,-2.018107825567512
00-0029263,2022,REG,292,483,3524.0,16,11.0,55.0,368.0,4,2,4264.0,1720.0,142.0,-55.99700972790031,0,13.181928406144483,0.9342129219847752,55,277.0,3,2.0,0.0,21.0,15.226056107818474,0,1,1,1.0,0,0.0,0.0,-1.0,2.0,0.0,-0.38463787781074643,0,0.0,0.04,-0.0035211267605633804,0.057535211267605635,0.0,224.76000000000002,225.76000000000002,15,0.002004008016032064,-0.00022747952684258417,0.0011402508551881414,0.0028240284025740285,0.0002789400278940028,0.0,0.0,0.0,0.0001394700139470014,0.00022315202231520224,0.002004008016032064,0.19595521222116136,00-0029263,Russell Wilson,84.41597653554176,-18.63610679779157
00-0029263,2023,REG,297,447,3070.0,26,8.0,45.0,258.0,7,4,3189.0,1735.0,135.0,-16.336197524169002,2,15.711004444947886,1.5927855881814104,80,341.0,3,3.0,1.0,38.0,17.56566172705452,0,0,0,0.0,0,0.0,0.0,0.0,0.0,0.0,0.0,0,0.0,0.0,0.0,0.0,0.0,256.90000000000003,256.90000000000003,15,0.0,0.0,0.0,0.0,0.0,0.0,0.0,0.0,0.0,0.0,0.0,0.21865690697080603,00-0029263,Russell Wilson,98.00055928411633,13.584582748574576
00-0029604,2019,REG,307,444,3603.0,26,6.0,28.0,206.0,5,3,3391.0,1789.0,165.0,87.03896045200226,1,18.608383114641118,2.745323052480136,31,63.0,1,5.0,0.0,8.0,-6.1717848583939485,0,0,1,0.0,0,0.0,0.0,12.0,0.0,0.0,-1.8194127251044847,0,0.0,0.03333333333333333,0.04819277108433735,0.08373493975903615,0.0,244.42000000000002,244.42000000000002,15,0.0022471910112359553,0.003526300323244196,0.0,0.00619182677544929,0.0,0.0,0.0,0.0,0.0,0.0,0.0,0.1811430942993508,00-0029604,Kirk Cousins,107.4042792792793,
00-0029604,2020,REG,349,516,4265.0,35,13.0,39.0,256.0,8,4,4103.0,1936.0,212.0,91.6894228925342,5,21.899808499296064,2.557740877313698,32,156.0,1,1.0,1.0,16.0,1.6465529236011207,0,0,0,0.0,0,0.0,0.0,0.0,0.0,0.0,0.0,0,0.0,0.0,0.0,0.0,0.0,306.2,306.2,16,0.0,0.0,0.0,0.0,0.0,0.0,0.0,0.0,0.0,0.0,0.0,0.1882685686178062,00-0029604,Kirk Cousins,104.9983850129199,-2.4058942663593967
00-0029604,2021,REG,372,561,4221.0,33,7.0,28.0,197.0,10,2,4573.0,1813.0,192.0,71.63356777481539,0,15.249050312055731,1.8000000110233607,29,115.0,1,2.0,0.0,8.0,-4.479162720842506,0,0,0,0.0,0,0.0,0.0,0.0,0.0,0.0,0.0,0,0.0,0.0,0.0,0.0,0.0,300.34000000000003,300.34000000000003,16,0.0,0.0,0.0,0.0,0.0,0.0,0.0,0.0,0.0,0.0,0.0,0.19526180971823112,00-0029604,Kirk Cousins,103.1008615567439,-1.8975234561760033
00-0029604,2022,REG,424,643,4547.0,29,14.0,46.0,329.0,5,3,4821.0,1967.0,230.0,18.464406551715793,3,16.98790585975999,1.8198971116843659,31,97.0,2,2.0,0.0,11.0,1.2276068408497767,0,0,0,0.0,0,0.0,0.0,0.0,0.0,0.0,0.0,0,0.0,0.0,0.0,0.0,0.0,291.58,291.58,17,0.0,0.0,0.0,0.0,0.0,0.0,0.0,0.0,0.0,0.0,0.0,0.17474320096846493,00-0029604,Kirk Cousins,92.46047174701918,-10.64038980972471
00-0029604,2023,REG,216,311,2331.0,18,5.0,17.0,110.0,4,3,2252.0,996.0,112.0,37.10304547110406,0,8.48299432724033,1.0611103338147516,14,25.0,0,2.0,1.0,6.0,1.6873686246108264,0,0,0,0.0,0,0.0,0.0,0.0,0.0,0.0,0.0,0,0.0,0.0,0.0,0.0,0.0,149.74,149.74,8,0.0,0.0,0.0,0.0,0.0,0.0,0.0,0.0,0.0,0.0,0.0,0.19518744460086554,00-0029604,Kirk Cousins,103.78483386923902,11.324362122219839
00-0030565,2022,REG,399,572,4282.0,30,11.0,46.0,348.0,5,2,4311.0,1780.0,206.0,28.773135374029334,0,18.60339895734846,2.1191096622892127,68,366.0,1,3.0,2.0,24.0,1.3382587222828484,0,0,0,0.0,0,0.0,0.0,0.0,0.0,0.0,0.0,0,0.0,0.0,0.0,0.0,0.0,303.88,303.88,17,0.0,0.0,0.0,0.0,0.0,0.0,0.0,0.0,0.0,0.0,0.0,0.19749395585826812,00-0030565,Geno Smith,100.87412587412588,
00-0030565,2023,REG,323,499,3624.0,20,9.0,31.0,231.0,4,2,3500.0,1714.0,169.0,32.440536514174156,2,15.825713940295476,1.5576720868736302,37,155.0,1,1.0,1.0,10.0,-4.9264974177931435,0,1,1,-2.0,0,0.0,0.0,-8.0,6.0,0.0,-1.4415200678631663,0,0.0,0.038461538461538464,-0.0625,0.013942307692307698,0.0,226.26,227.26,15,0.0019569471624266144,-0.0021984061555372354,0.0033917467495760316,0.001176695819210133,-0.0005420054200542005,0.0,0.0,0.0,-0.00027100271002710027,-0.00043360433604336043,-0.003913894324853229,0.18527637371596278,00-0030565,Geno Smith,92.13009352037407,-8.744032353751805
00-0031280,2019,REG,361,513,4054.0,21,8.0,29.0,184.0,1,0,3355.0,2135.0,191.0,99.12289919996202,0,20.45161961952337,2.3824587094960856,27,82.0,2,6.0,2.0,7.0,-11.066465667187003,0,0,0,0.0,0,0.0,0.0,0.0,0.0,0.0,0.0,0,0.0,0.0,0.0,0.0,0.0,246.36,246.36,16,0.0,0.0,0.0,0.0,0.0,0.0,0.0,0.0,0.0,0.0,0.0,0.17600914481674645,00-0031280,Derek Carr,100.80003248862897,
00-0031280,2020,REG,348,517,4103.0,27,9.0,26.0,150.0,8,7,4184.0,1956.0,193.0,60.1711940404073,1,16.3279998885134,2.2411699245610306,39,140.0,3,3.0,1.0,16.0,7.822110942363957,0,0,0,0.0,0,0.0,0.0,0.0,0.0,0.0,0.0,0,0.0,0.0,0.0,0.0,0.0,272.12,272.12,16,0.0,0.0,0.0,0.0,0.0,0.0,0.0,0.0,0.0,0.0,0.0,0.17806336783970894,00-0031280,Derek Carr,101.39829142488716,0.5982589362581905
00-0031280,2021,REG,428,626,4804.0,23,14.0,40.0,241.0,9,5,5084.0,2283.0,217.0,40.301518820790776,0,16.915385942731543,1.9410622244629554,40,108.0,0,4.0,0.0,9.0,-4.127118461962333,0,0,0,0.0,0,0.0,0.0,0.0,0.0,0.0,0.0,0,0.0,0.0,0.0,0.0,0.0,256.96000000000004,256.96000000000004,17,0.0,0.0,0.0,0.0,0.0,0.0,0.0,0.0,0.0,0.0,0.0,0.16796747329751216,00-0031280,Derek Carr,93.96299254526092,-7.435298879626245
00-0031280,2022,REG,305,502,3522.0,24,14.0,27.0,191.0,3,0,4602.0,1509.0,161.0,29.295583846643776,0,11.745561091345287,1.1180340252896626,24,102.0,0,1.0,0.0,10.0,1.731023923435714,0,0,0,0.0,0,0.0,0.0,0.0,0.0,0.0,0.0,0,0.0,0.0,0.0,0.0,0.0,219.08,219.08,15,0.0,0.0,0.0,0.0,0.0,0.0,0.0,0.0,0.0,0.0,0.0,0.17195962386775718,00-0031280,Derek Carr,86.26328021248341,-7.6997123327775085
00-0031280,2023,REG,375,548,3878.0,25,8.0,31.0,218.0,5,2,4280.0,1696.0,185.0,25.91905731362155,2,16.60523925953741,1.9716220940066789,32,40.0,0,2.0,1.0,4.0,-20.27587383863353,0,0,0,0.0,0,0.0,0.0,0.0,0.0,0.0,0.0,0,0.0,0.0,0.0,0.0,0.0,241.12,241.12,17,0.0,0.0,0.0,0.0,0.0,0.0,0.0,0.0,0.0,0.0,0.0,0.15908161245629082,00-0031280,Derek Carr,97.71897810218978,11.455697889706371
00-0033077,2019,REG,388,596,4902.0,30,11.0,23.0,151.0,4,2,5613.0,1880.0,229.0,124.53103917602378,1,15.23896719646261,2.255387153962143,52,277.0,3,2.0,0.0,19.0,16.779960979924862,0,0,0,0.0,0,0.0,0.0,0.0,0.0,0.0,0.0,0,0.0,0.0,0.0,0.0,0.0,337.78000000000003,337.78000000000003,16,0.0,0.0,0.0,0.0,0.0,0.0,0.0,0.0,0.0,0.0,0.0,0.20255699876467695,00-0033077,Dak Prescott,99.69239373601789,
00-0033077,2020,REG,151,222,1856.0,9,4.0,10.0,66.0,3,3,1762.0,810.0,93.0,32.01779560961002,1,5.360067099456971,0.5513381848004677,18,93.0,3,0.0,0.0,8.0,8.854285621841795,1,1,1,11.0,1,0.0,0.0,10.0,1.0,1.0,2.6684373994357884,0,1.1,0.030303030303030304,0.04219409282700422,0.07499041043344841,0.0,134.64000000000001,135.64000000000001,5,0.00423728813559322,0.0053475935828877,0.0011862396204033216,0.010634007069699991,0.005561172901921132,0.1,0.01020408163265306,0.018518518518518517,0.05278058645096057,0.02444893832153691,0.046610169491525424,0.21488545990304492,00-0033077,Dak Prescott,99.60585585585586,-0.08653788016202668
00-0033077,2021,REG,410,596,4449.0,37,10.0,30.0,144.0,7,3,4629.0,2028.0,227.0,109.06846017476651,2,16.713953806713555,2.18605660138112,48,146.0,1,8.0,3.0,7.0,-24.40892285798046,1,0,0,0.0,0,0.0,0.0,0.0,0.0,0.0,0.0,0,0.0,0.0,0.0,0.0,0.0,320.56,320.56,16,0.0,0.0,0.0,0.0,0.0,0.0,0.0,0.0,0.0,0.0,0.0,0.1844928403701828,00-0033077,Dak Prescott,104.21560402684564,4.609748170989775
00-0033077,2022,REG,261,394,2860.0,23,15.0,20.0,126.0,3,0,3223.0,1212.0,142.0,42.084686123317965,0,11.58285681959823,1.7312199989786836,45,182.0,1,1.0,1.0,19.0,5.523948678805027,0,0,0,0.0,0,0.0,0.0,0.0,0.0,0.0,0.0,0,0.0,0.0,0.0,0.0,0.0,198.60000000000002,198.60000000000002,12,0.0,0.0,0.0,0.0,0.0,0.0,0.0,0.0,0.0,0.0,0.0,0.17013621177075305,00-0033077,Dak Prescott,91.12732656514382,-13.088277461701821
00-0033077,2023,REG,410,590,4516.0,36,9.0,39.0,255.0,2,1,4579.0,1963.0,222.0,118.68906478811256,2,17.697907050538195,2.7964468830594624,55,242.0,2,1.0,1.0,21.0,14.037557725794613,0,0,0,0.0,0,0.0,0.0,0.0,0.0,0.0,0.0,0,0.0,0.0,0.0,0.0,0.0,342.84000000000003,342.84000000000003,17,0.0,0.0,0.0,0.0,0.0,0.0,0.0,0.0,0.0,0.0,0.0,0.20067899789276517,00-0033077,Dak Prescott,105.86864406779661,14.741317502652791
00-0033106,2019,REG,394,626,4638.0,22,16.0,22.0,170.0,7,4,4841.0,2244.0,220.0,62.79175054062679,0,15.596045637152512,1.62816455667151,33,40.0,2,3.0,1.0,5.0,-11.813811810235817,0,0,0,0.0,0,0.0,0.0,0.0,0.0,0.0,0.0,0,0.0,0.0,0.0,0.0,0.0,247.52,247.52,16,0.0,0.0,0.0,0.0,0.0,0.0,0.0,0.0,0.0,0.0,0.0,0.1649517513461641,00-0033106,Jared Goff,86.46831735889243,
00-0033106,2020,REG,370,552,3952.0,20,13.0,23.0,161.0,5,3,3579.0,2152.0,194.0,24.835128745911945,1,18.26346923283815,1.6021434948722495,51,99.0,4,2.0,1.0,12.0,-6.068835410987958,0,0,0,0.0,0,0.0,0.0,0.0,0.0,0.0,0.0,0,0.0,0.0,0.0,0.0,0.0,239.98000000000002,239.98000000000002,15,0.0,0.0,0.0,0.0,0.0,0.0,0.0,0.0,0.0,0.0,0.0,0.17243906645205795,00-0033106,Jared Goff,90.03623188405797,3.567914525165534
00-0033106,2021,REG,332,494,3245.0,19,8.0,35.0,280.0,6,4,3148.0,1754.0,162.0,-28.79608354435334,4,15.357920296620042,1.0177111300499913,17,87.0,0,3.0,2.0,4.0,-13.913521254435182,0,0,0,0.0,0,0.0,0.0,0.0,0.0,0.0,0.0,0,0.0,0.0,0.0,0.0,0.0,194.5,194.5,14,0.0,0.0,0.0,0.0,0.0,0.0,0.0,0.0,0.0,0.0,0.0,0.16393028116782415,00-0033106,Jared Goff,91.53171390013496,1.4954820160769913
00-0033106,2022,REG,382,587,4438.0,29,7.0,23.0,156.0,5,3,4129.0,2285.0,227.0,100.96467571744924,1,19.04501344012196,1.968802215589775,29,73.0,0,2.0,1.0,5.0,-17.09331808448769,1,1,1,5.0,0,0.0,0.0,-4.0,9.0,0.0,-0.10016044188523665,0,0.0,0.02702702702702703,-0.0149812734082397,0.030053649154772752,0.0,283.32,284.32,17,0.0017006802721088435,-0.0009673518742442564,0.003938730853391685,0.00177713890876786,0.0011251125112511251,0.0,0.0,0.0,0.0005625562556255626,0.0009000900090009002,0.008503401360544218,0.17346527887935767,00-0033106,Jared Goff,99.31501987507097,7.783305974936013
00-0033106,2023,REG,407,605,4575.0,30,12.0,30.0,197.0,4,2,4064.0,2147.0,227.0,81.67725091908035,2,19.83310447265523,2.113965949856951,32,21.0,2,2.0,2.0,5.0,-21.90658182852732,0,0,0,0.0,0,0.0,0.0,0.0,0.0,0.0,0.0,0,0.0,0.0,0.0,0.0,0.0,289.1,289.1,17,0.0,0.0,0.0,0.0,0.0,0.0,0.0,0.0,0.0,0.0,0.0,0.16887274086708648,00-0033106,Jared Goff,97.91666666666666,-1.3983532084043162
00-0033873,2019,REG,319,484,4031.0,26,5.0,17.0,127.0,2,2,4281.0,1947.0,176.0,137.69404057134255,1,16.149280770958363,2.3891393920525066,43,218.0,2,0.0,0.0,15.0,12.16749238583725,0,0,0,0.0,0,0.0,0.0,0.0,0.0,0.0,0.0,0,0.0,0.0,0.0,0.0,0.0,287.04,287.04,14,0.0,0.0,0.0,0.0,0.0,0.0,0.0,0.0,0.0,0.0,0.0,0.2075307999305917,00-0033873,Patrick Mahomes,105.3116391184573,
00-0033873,2020,REG,390,588,4740.0,38,6.0,22.0,147.0,3,2,4917.0,2241.0,238.0,182.87040399905007,3,15.267915447112713,2.657670153083185,62,308.0,2,2.0,0.0,21.0,17.55606427490582,0,0,2,0.0,0,0.0,0.0,25.0,0.0,0.0,-2.384233193297405,0,0.0,0.045548654244306416,0.07936822020423308,0.12388073550942277,0.0,374.4,374.4,15,0.0033444816053511705,0.005044390637610976,0.0,0.009052234918115538,0.0,0.0,0.0,0.0,0.0,0.0,0.0,0.221803575871752,00-0033873,Patrick Mahomes,108.23412698412697,2.92248786566968
00-0033873,2021,REG,436,658,4839.0,37,13.0,28.0,146.0,6,2,4829.0,2699.0,260.0,139.73444912621196,1,17.98432325121572,2.6801821786057025,66,381.0,2,3.0,2.0,25.0,13.275448703119764,1,0,0,0.0,0,0.0,0.0,0.0,0.0,0.0,0.0,0,0.0,0.0,0.0,0.0,0.0,361.66,361.66,17,0.0,0.0,0.0,0.0,0.0,0.0,0.0,0.0,0.0,0.0,0.0,0.2054092736897108,00-0033873,Patrick Mahomes,98.4549138804458,-9.779213103681172
00-0033873,2022,REG,435,648,5250.0,41,12.0,26.0,188.0,1,0,4715.0,2830.0,272.0,191.97220477679906,2,19.204404193233483,2.973218235264926,61,358.0,4,4.0,0.0,25.0,23.256492984170187,1,1,1,6.0,0,0.0,0.0,-9.0,15.0,0.0,0.3510209037922323,0,0.0,0.024390243902439025,-0.02903225806451613,0.016262785208497253,0.0,416.4,417.4,17,0.0015360983102918587,-0.0019100169779286927,0.00530035335689046,0.0007761338830948338,0.001142857142857143,0.0,0.0,0.0,0.0005714285714285715,0.0009142857142857144,0.009216589861751152,0.22452931683700914,00-0033873,Patrick Mahomes,105.15689300411523,6.701979123669432
00-0033873,2023,REG,401,597,4183.0,27,14.0,27.0,186.0,4,3,3873.0,2555.0,206.0,50.961515690338,0,18.826962129917064,1.9057311672888373,75,389.0,0,2.0,0.0,27.0,13.332186714137126,0,0,0,0.0,0,0.0,0.0,0.0,0.0,0.0,0.0,0,0.0,0.0,0.0,0.0,0.0,280.22,280.22,16,0.0,0.0,0.0,0.0,0.0,0.0,0.0,0.0,0.0,0.0,0.0,0.19350071815269032,00-0033873,Patrick Mahomes,92.55653266331659,-12.600360340798645
00-0034796,2019,REG,265,401,3127.0,36,6.0,23.0,106.0,0,0,3545.0,1360.0,161.0,144.94965229671612,0,14.178229768882321,3.223771411134516,176,1206.0,7,7.0,2.0,71.0,56.783087049323946,0,0,0,0.0,0,0.0,0.0,0.0,0.0,0.0,0.0,0,0.0,0.0,0.0,0.0,0.0,415.68,415.68,15,0.0,0.0,0.0,0.0,0.0,0.0,0.0,0.0,0.0,0.0,0.0,0.2752920607168402,00-0034796,Lamar Jackson,113.33645054031587,
00-0034796,2020,REG,242,376,2757.0,26,9.0,29.0,160.0,5,2,3248.0,1159.0,138.0,56.29545503721202,1,13.826845219709835,2.1160954003580117,159,1005.0,7,5.0,2.0,56.0,39.97330370073512,0,0,0,0.0,0,0.0,0.0,0.0,0.0,0.0,0.0,0,0.0,0.0,0.0,0.0,0.0,332.78000000000003,332.78000000000003,15,0.0,0.0,0.0,0.0,0.0,0.0,0.0,0.0,0.0,0.0,0.0,0.25336135093569656,00-0034796,Lamar Jackson,99.34618794326241,-13.990262597053459
00-0034796,2021,REG,246,382,2882.0,16,13.0,38.0,190.0,3,1,3534.0,1150.0,135.0,19.171700874048643,2,10.959960585425161,0.9876105699776966,133,767.0,2,3.0,2.0,48.0,16.46211210831079,0,0,0,0.0,0,0.0,0.0,0.0,0.0,0.0,0.0,0,0.0,0.0,0.0,0.0,0.0,239.98000000000002,239.98000000000002,12,0.0,0.0,0.0,0.0,0.0,0.0,0.0,0.0,0.0,0.0,0.0,0.21450917997032376,00-0034796,Lamar Jackson,86.96553228621292,-12.380655657049488
00-0034796,2022,REG,203,326,2242.0,17,7.0,26.0,114.0,3,1,2754.0,974.0,105.0,9.427335525684677,1,10.61703309576901,1.0261359898822842,112,764.0,3,2.0,1.0,47.0,39.77210110162841,0,0,0,0.0,0,0.0,0.0,0.0,0.0,0.0,0.0,0,0.0,0.0,0.0,0.0,0.0,236.08,236.08,12,0.0,0.0,0.0,0.0,0.0,0.0,0.0,0.0,0.0,0.0,0.0,0.2400748454279206,00-0034796,Lamar Jackson,91.0659509202454,4.100418634032479
00-0034796,2023,REG,307,457,3678.0,24,7.0,37.0,218.0,7,4,3840.0,1749.0,167.0,58.018588350006326,1,17.11935683093401,2.1462981965408594,148,821.0,5,4.0,2.0,48.0,10.159688361549266,0,0,0,0.0,0,0.0,0.0,0.0,0.0,0.0,0.0,0,0.0,0.0,0.0,0.0,0.0,331.22,331.22,16,0.0,0.0,0.0,0.0,0.0,0.0,0.0,0.0,0.0,0.0,0.0,0.22298370809209642,00-0034796,Lamar Jackson,102.72155361050326,11.655602690257865
00-0034855,2019,REG,318,535,3883.0,23,21.0,40.0,285.0,4,2,4539.0,1858.0,180.0,-4.968611077899089,1,14.436343190563685,1.192361698548924,28,141.0,3,2.0,0.0,15.0,10.774565149855334,0,0,0,0.0,0,0.0,0.0,0.0,0.0,0.0,0.0,0,0.0,0.0,0.0,0.0,0.0,235.42000000000002,235.42000000000002,16,0.0,0.0,0.0,0.0,0.0,0.0,0.0,0.0,0.0,0.0,0.0,0.17735155414262252,00-0034855,Baker Mayfield,79.83255451713397,
00-0034855,2020,REG,305,486,3563.0,26,8.0,26.0,162.0,4,3,4135.0,1361.0,188.0,87.74814140734111,1,14.340236417684222,2.481407054584217,54,165.0,1,3.0,1.0,18.0,-7.009694477849189,0,1,1,6.0,0,0.0,0.0,5.0,1.0,1.0,1.7705882448935881,0,1.2,0.03125,0.02403846153846154,0.06370192307692307,0.0,247.62,248.62,16,0.001996007984031936,0.001180080245456691,0.0007112375533428165,0.003938076172413257,0.0016211834639286678,0.0,0.005128205128205128,0.0045045045045045045,0.0008105917319643339,0.0012969467711429344,0.011976047904191617,0.17258805725630666,00-0034855,Baker Mayfield,95.90192043895748,16.069365921823504
00-0034855,2021,REG,253,418,3010.0,17,13.0,43.0,269.0,5,3,3659.0,1383.0,143.0,-6.556413046271427,2,12.04733376147512,1.0660672421428623,37,134.0,1,1.0,0.0,12.0,6.111318557494082,0,0,0,0.0,0,0.0,0.0,0.0,0.0,0.0,0.0,0,0.0,0.0,0.0,0.0,0.0,179.8,179.8,14,0.0,0.0,0.0,0.0,0.0,0.0,0.0,0.0,0.0,0.0,0.0,0.15827743446187434,00-0034855,Baker Mayfield,83.12400318979267,-12.777917249164801
00-0034855,2022,REG,201,335,2163.0,10,8.0,36.0,217.0,4,1,2276.0,1127.0,94.0,-50.34169718310751,0,12.806832132129939,0.3432665087824031,31,89.0,1,5.0,1.0,7.0,-7.133565690585934,0,0,0,0.0,0,0.0,0.0,0.0,0.0,0.0,0.0,0,0.0,0.0,0.0,0.0,0.0,121.42,121.42,12,0.0,0.0,0.0,0.0,0.0,0.0,0.0,0.0,0.0,0.0,0.0,0.15816486035848268,00-0034855,Baker Mayfield,78.98631840796021,-4.137684781832462
00-0034855,2023,REG,364,566,4044.0,28,10.0,40.0,232.0,6,3,4844.0,1927.0,188.0,50.666178500909844,2,14.947742176426253,1.8159550003560754,62,163.0,1,2.0,0.0,16.0,-14.48364719747979,0,0,0,0.0,0,0.0,0.0,0.0,0.0,0.0,0.0,0,0.0,0.0,0.0,0.0,0.0,274.06,274.06,17,0.0,0.0,0.0,0.0,0.0,0.0,0.0,0.0,0.0,0.0,0.0,0.1983986795621706,00-0034855,Baker Mayfield,94.57449941107186,15.588181003111643
00-0034857,2019,REG,271,461,3089.0,20,9.0,38.0,237.0,7,2,4262.0,1340.0,146.0,-14.157731519956315,2,12.032474863858623,1.2879287351255515,109,510.0,9,7.0,2.0,42.0,18.576663063214504,1,0,0,0.0,0,0.0,0.0,0.0,0.0,0.0,0.0,0,0.0,0.0,0.0,0.0,0.0,288.56,288.56,16,0.0,0.0,0.0,0.0,0.0,0.0,0.0,0.0,0.0,0.0,0.0,0.229555145420989,00-0034857,Josh Allen,85.31724511930587,
00-0034857,2020,REG,396,572,4544.0,37,10.0,26.0,159.0,5,2,4857.0,1871.0,228.0,169.85448324955723,0,15.86662969639334,2.9455342467594643,102,421.0,8,4.0,4.0,38.0,0.1238734730746005,0,1,1,12.0,1,0.0,0.0,-5.0,17.0,1.0,2.2947238330962136,0,0.0,0.022222222222222223,-0.01644736842105263,0.02182017543859649,0.0,395.06,396.06,16,0.0016778523489932886,-0.0009740892265731541,0.008735868448098663,0.0017375071422314095,0.0025073129962390303,0.025,0.004166666666666667,0.007142857142857143,0.013753656498119516,0.007005850396991226,0.020134228187919462,0.23102768412333607,00-0034857,Josh Allen,107.15326340326341,21.836018283957543
00-0034857,2021,REG,409,646,4407.0,36,15.0,26.0,164.0,3,1,5295.0,1734.0,234.0,80.83385779358214,1,14.682545592565798,2.229759597806658,122,763.0,6,5.0,2.0,53.0,55.54071763407837,1,0,0,0.0,0,0.0,0.0,0.0,0.0,0.0,0.0,1,0.0,0.0,0.0,0.0,0.0,402.58,402.58,17,0.0,0.0,0.0,0.0,0.0,0.0,0.0,0.0,0.0,0.0,0.0,0.23590975681218868,00-0034857,Josh Allen,92.16976264189887,-14.983500761364539
00-0034857,2022,REG,359,567,4283.0,35,14.0,33.0,162.0,6,3,5229.0,1588.0,212.0,100.66942584986512,1,13.43917033603296,2.159936884024283,124,762.0,7,7.0,2.0,55.0,39.349782443182335,1,0,0,0.0,0,0.0,0.0,0.0,0.0,0.0,0.0,0,0.0,0.0,0.0,0.0,0.0,395.52,395.52,16,0.0,0.0,0.0,0.0,0.0,0.0,0.0,0.0,0.0,0.0,0.0,0.2486077413353112,00-0034857,Josh Allen,96.6086125808348,4.438849938935931
00-0034857,2023,REG,385,579,4306.0,29,18.0,24.0,152.0,2,1,5022.0,1973.0,199.0,90.53379821970739,3,15.454787458337861,2.502915588839499,111,524.0,15,4.0,2.0,57.0,54.38192837900933,0,0,0,0.0,0,0.0,0.0,0.0,0.0,0.0,0.0,0,0.0,0.0,0.0,0.0,0.0,394.64,394.64,17,0.0,0.0,0.0,0.0,0.0,0.0,0.0,0.0,0.0,0.0,0.0,0.24710714822421478,00-0034857,Josh Allen,92.22438111686816,-4.384231463966643
00-0034869,2019,REG,273,441,3024.0,19,13.0,33.0,212.0,6,3,3755.0,1466.0,147.0,-17.474234289881963,3,11.134792339477466,1.227048158785196,33,62.0,2,5.0,0.0,6.0,-7.713248121959623,0,0,0,0.0,0,0.0,0.0,0.0,0.0,0.0,0.0,0,0.0,0.0,0.0,0.0,0.0,189.16,189.16,13,0.0,0.0,0.0,0.0,0.0,0.0,0.0,0.0,0.0,0.0,0.0,0.1879458696818552,00-0034869,Sam Darnold,84.32067271352986,
00-0034869,2020,REG,217,364,2208.0,9,11.0,35.0,234.0,4,2,2794.0,1155.0,109.0,-76.96315407624826,1,10.269100550502003,0.36071606285360236,37,217.0,2,0.0,0.0,13.0,12.573174108983949,0,0,0,0.0,0,0.0,0.0,0.0,0.0,0.0,0.0,0,0.0,0.0,0.0,0.0,0.0,134.02,134.02,12,0.0,0.0,0.0,0.0,0.0,0.0,0.0,0.0,0.0,0.0,0.0,0.17186898868911746,00-0034869,Sam Darnold,72.68772893772893,-11.632943775800925
00-0034869,2021,REG,243,406,2527.0,9,13.0,35.0,204.0,7,2,2932.0,1385.0,123.0,-77.7665797189775,1,11.064192520369524,0.48213632066559636,48,222.0,5,2.0,2.0,21.0,3.878886218132827,0,0,0,0.0,0,0.0,0.0,0.0,0.0,0.0,0.0,0,0.0,0.0,0.0,0.0,0.0,157.28,157.28,12,0.0,0.0,0.0,0.0,0.0,0.0,0.0,0.0,0.0,0.0,0.0,0.1816501894114386,00-0034869,Sam Darnold,71.94170771756978,-0.7460212201591503
00-0034869,2022,REG,82,140,1143.0,7,3.0,10.0,78.0,1,1,1138.0,553.0,57.0,21.072685399863992,0,6.280887030286117,0.8070928467037988,26,106.0,2,4.0,1.0,10.0,-4.00550188154991,0,0,0,0.0,0,0.0,0.0,0.0,0.0,0.0,0.0,0,0.0,0.0,0.0,0.0,0.0,86.32,86.32,6,0.0,0.0,0.0,0.0,0.0,0.0,0.0,0.0,0.0,0.0,0.0,0.19733894197796167,00-0034869,Sam Darnold,92.64880952380953,20.70710180623975
00-0035228,2019,REG,346,539,3752.0,20,12.0,48.0,309.0,2,0,4037.0,1894.0,171.0,0.6136850843552937,3,17.164421472475254,1.3052396010736178,92,539.0,4,3.0,2.0,27.0,-0.5649789742467792,0,0,0,0.0,0,0.0,0.0,0.0,0.0,0.0,0.0,0,0.0,0.0,0.0,0.0,0.0,285.98,285.98,16,0.0,0.0,0.0,0.0,0.0,0.0,0.0,0.0,0.0,0.0,0.0,0.20826111653242838,00-0035228,Kyler Murray,87.67393320964749,
00-0035228,2020,REG,375,558,3971.0,26,12.0,27.0,176.0,4,4,4355.0,1743.0,205.0,33.80379353103301,0,14.70619577686303,1.8385786017635317,133,819.0,11,5.0,0.0,52.0,43.93169529697413,0,0,0,0.0,0,0.0,0.0,0.0,0.0,0.0,0.0,0,0.0,0.0,0.0,0.0,0.0,378.74,378.74,16,0.0,0.0,0.0,0.0,0.0,0.0,0.0,0.0,0.0,0.0,0.0,0.24514233193957205,00-0035228,Kyler Murray,94.3100358422939,6.636102632646413
00-0035228,2021,REG,333,481,3787.0,24,10.0,31.0,286.0,3,0,3823.0,1789.0,172.0,66.33455304935744,0,15.041496263977372,1.9394395222424303,88,423.0,5,10.0,0.0,25.0,4.642070294140574,0,0,0,0.0,0,0.0,0.0,0.0,0.0,0.0,0.0,0,0.0,0.0,0.0,0.0,0.0,299.78000000000003,299.78000000000003,14,0.0,0.0,0.0,0.0,0.0,0.0,0.0,0.0,0.0,0.0,0.0,0.21694262722167545,00-0035228,Kyler Murray,100.55006930006928,6.240033457775382
00-0035228,2022,REG,259,390,2368.0,14,7.0,25.0,192.0,3,0,2678.0,1254.0,119.0,-18.246843285701484,3,13.490123761573697,0.688122826793705,67,418.0,3,4.0,2.0,23.0,11.483747347064554,1,0,0,0.0,0,0.0,0.0,0.0,0.0,0.0,0.0,0,0.0,0.0,0.0,0.0,0.0,200.52,200.52,11,0.0,0.0,0.0,0.0,0.0,0.0,0.0,0.0,0.0,0.0,0.0,0.20537927361370015,00-0035228,Kyler Murray,87.21153846153845,-13.33853083853083
00-0035228,2023,REG,176,268,1799.0,10,5.0,18.0,119.0,2,0,1935.0,977.0,88.0,-12.878469075476179,1,8.151509869046265,0.5563702114464312,44,244.0,3,5.0,0.0,15.0,7.684884347918375,0,0,0,0.0,0,0.0,0.0,0.0,0.0,0.0,0.0,0,0.0,0.0,0.0,0.0,0.0,146.36,146.36,8,0.0,0.0,0.0,0.0,0.0,0.0,0.0,0.0,0.0,0.0,0.0,0.20729116505679407,00-0035228,Kyler Murray,89.443407960199,2.2318694986605436
00-0035710,2019,REG,284,459,3027.0,24,12.0,38.0,295.0,12,8,3689.0,1395.0,140.0,-41.362857041037465,2,10.978576866804314,0.7932810394234457,45,279.0,2,5.0,2.0,21.0,16.20413619128367,0,0,0,0.0,0,0.0,0.0,0.0,0.0,0.0,0.0,0,0.0,0.0,0.0,0.0,0.0,216.98000000000002,216.98000000000002,13,0.0,0.0,0.0,0.0,0.0,0.0,0.0,0.0,0.0,0.0,0.0,0.18591061758859417,00-0035710,Daniel Jones,87.65885984023237,
00-0035710,2020,REG,280,448,2943.0,11,10.0,45.0,286.0,8,4,3402.0,1114.0,158.0,-23.480688355243792,1,12.462900346382863,0.8112978602654629,65,423.0,1,3.0,2.0,17.0,-0.7701259768491839,0,0,0,0.0,0,0.0,0.0,0.0,0.0,0.0,0.0,0,0.0,0.0,0.0,0.0,0.0,180.02,180.02,14,0.0,0.0,0.0,0.0,0.0,0.0,0.0,0.0,0.0,0.0,0.0,0.17880413190305922,00-0035710,Daniel Jones,80.42224702380952,-7.2366128164228485
00-0035710,2021,REG,232,361,2428.0,10,7.0,22.0,160.0,5,2,2640.0,1098.0,116.0,-12.451881251377383,1,10.86117409747734,0.7854876644269524,62,298.0,2,2.0,1.0,16.0,5.521667821375422,2,1,1,16.0,0,0.0,0.0,13.0,3.0,1.0,0.9808847262756899,0,1.2307692307692308,0.030303030303030304,0.06132075471698113,0.08837907375643225,0.0,166.52,167.52,11,0.002564102564102564,0.004464285714285714,0.0024916943521594683,0.007417582417582417,0.006017299736743136,0.0,0.007751937984496124,0.007142857142857143,0.003008649868371568,0.004813839789394509,0.041025641025641026,0.19612250632200057,00-0035710,Daniel Jones,84.81648199445982,4.394234970650302
00-0035710,2022,REG,317,472,3205.0,15,5.0,44.0,243.0,4,2,3031.0,1596.0,156.0,19.949247770812455,2,18.074418121612993,1.8453845276289633,120,708.0,7,2.0,1.0,57.0,39.27639706202617,0,0,0,0.0,0,0.0,0.0,0.0,0.0,0.0,0.0,0,0.0,0.0,0.0,0.0,0.0,289.0,289.0,16,0.0,0.0,0.0,0.0,0.0,0.0,0.0,0.0,0.0,0.0,0.0,0.22493423203250262,00-0035710,Daniel Jones,92.52295197740112,7.7064699829413
00-0035710,2023,REG,108,160,909.0,2,6.0,30.0,167.0,3,1,1096.0,440.0,43.0,-60.455004205716946,0,4.9754841300906465,0.28032331149284845,40,206.0,1,1.0,0.0,15.0,5.834527820233806,0,0,0,0.0,0,0.0,0.0,0.0,0.0,0.0,0.0,0,0.0,0.0,0.0,0.0,0.0,56.96000000000001,56.96000000000001,6,0.0,0.0,0.0,0.0,0.0,0.0,0.0,0.0,0.0,0.0,0.0,0.14793268231872014,00-0035710,Daniel Jones,70.54687500000001,-21.976076977401107
00-0036212,2020,REG,186,290,1814.0,11,5.0,20.0,136.0,1,1,2175.0,766.0,100.0,-13.510189482975047,1,9.03229393252153,0.6874301635283409,36,109.0,3,0.0,0.0,13.0,2.2370403880195227,0,0,0,0.0,0,0.0,0.0,0.0,0.0,0.0,0.0,0,0.0,0.0,0.0,0.0,0.0,135.46,135.46,10,0.0,0.0,0.0,0.0,0.0,0.0,0.0,0.0,0.0,0.0,0.0,0.1594885440459651,00-0036212,Tua Tagovailoa,87.05459770114942,
00-0036212,2021,REG,263,388,2653.0,16,10.0,20.0,152.0,7,1,2735.0,1231.0,137.0,20.8559681269266,1,12.713014341211215,1.3005999407935875,42,128.0,3,2.0,0.0,13.0,-5.070938456561821,0,0,0,0.0,0,0.0,0.0,0.0,0.0,0.0,0.0,0,0.0,0.0,0.0,0.0,0.0,180.92000000000002,180.92000000000002,13,0.0,0.0,0.0,0.0,0.0,0.0,0.0,0.0,0.0,0.0,0.0,0.1728281844061061,00-0036212,Tua Tagovailoa,90.06658075601374,3.0119830548643165
00-0036212,2022,REG,259,400,3548.0,25,8.0,21.0,163.0,4,1,3833.0,1274.0,162.0,97.36823342997455,0,12.18004671750188,1.7542933982553552,24,70.0,0,2.0,0.0,4.0,-9.164482240914367,0,0,0,0.0,0,0.0,0.0,0.0,0.0,0.0,0.0,0,0.0,0.0,0.0,0.0,0.0,230.92000000000002,230.92000000000002,13,0.0,0.0,0.0,0.0,0.0,0.0,0.0,0.0,0.0,0.0,0.0,0.1897827016009731,00-0036212,Tua Tagovailoa,105.5,15.433419243986265
00-0036212,2023,REG,388,560,4624.0,29,14.0,29.0,171.0,3,0,4283.0,2177.0,222.0,123.56834628780518,0,21.075282646421922,2.560841460310446,35,74.0,0,9.0,4.0,5.0,-39.12836075014264,0,0,0,0.0,0,0.0,0.0,0.0,0.0,0.0,0.0,0,0.0,0.0,0.0,0.0,0.0,272.36,272.36,17,0.0,0.0,0.0,0.0,0.0,0.0,0.0,0.0,0.0,0.0,0.0,0.16063508540152874,00-0036212,Tua Tagovailoa,101.07142857142857,-4.428571428571431
00-0036355,2020,REG,396,595,4336.0,31,10.0,32.0,218.0,4,1,4368.0,2220.0,216.0,89.51523688016161,2,15.326628092003448,1.9310098106265752,55,234.0,5,4.0,0.0,20.0,0.6646792313549668,0,0,0,0.0,0,0.0,0.0,0.0,0.0,0.0,0.0,0,0.0,0.0,0.0,0.0,0.0,332.84000000000003,332.84000000000003,15,0.0,0.0,0.0,0.0,0.0,0.0,0.0,0.0,0.0,0.0,0.0,0.21875780479789683,00-0036355,Justin Herbert,98.27380952380952,
00-0036355,2021,REG,443,672,5014.0,38,15.0,31.0,214.0,1,0,5058.0,2403.0,256.0,118.18470376370668,5,18.029528127166124,2.1980162866419444,63,302.0,3,0.0,0.0,28.0,11.158099026499448,0,0,0,0.0,0,0.0,0.0,0.0,0.0,0.0,0.0,1,0.0,0.0,0.0,0.0,0.0,382.76,382.76,17,0.0,0.0,0.0,0.0,0.0,0.0,0.0,0.0,0.0,0.0,0.0,0.21166139485500673,00-0036355,Justin Herbert,97.65624999999999,-0.6175595238095326
00-0036355,2022,REG,477,699,4739.0,25,10.0,38.0,206.0,5,3,4504.0,2489.0,228.0,23.458502653806413,1,18.394878922935288,1.6982919803870669,54,147.0,0,3.0,0.0,17.0,10.19071269541746,0,2,2,-10.0,0,0.0,0.0,-15.0,5.0,0.0,-2.787758179299999,0,0.0,0.054090601757944556,-0.055489803969581954,0.042293039858209466,0.0,279.26,281.26,17,0.0028129395218002813,-0.0033178500331785005,0.001959247648902821,0.0015651292561576218,-0.002087246921310791,0.0,0.0,0.0,-0.0010436234606553956,-0.001669797537048633,-0.014064697609001406,0.17253732808225059,00-0036355,Justin Herbert,93.1598712446352,-4.496378755364788
00-0036355,2023,REG,297,456,3134.0,20,7.0,29.0,233.0,3,1,3490.0,1568.0,150.0,26.86385552285643,1,12.114518288156395,1.0576313660183028,52,228.0,3,1.0,0.0,16.0,5.384589101048538,0,1,1,10.0,0,0.0,0.0,-7.0,17.0,1.0,1.7805309167597443,0,0.0,0.02702702702702703,-0.02734375,0.021399915540540545,0.0,233.16,234.16,13,0.002074688796680498,-0.0018701576275714667,0.010346926354230066,0.0016159070929635737,0.00297441998810232,0.0,0.006289308176100629,0.005555555555555556,0.00148720999405116,0.002379535990481856,0.02074688796680498,0.2021269249361232,00-0036355,Justin Herbert,93.22002923976608,0.06015799513087927
00-0036389,2020,REG,77,148,1061.0,6,4.0,13.0,59.0,3,0,1353.0,468.0,45.0,-4.621174206143219,0,7.654834974246946,-0.002501549750672599,63,354.0,3,6.0,2.0,25.0,2.778729626588756,0,1,1,3.0,0,0.0,0.0,-6.0,9.0,0.0,-0.17026706028264016,0,0.0,0.02564102564102564,-0.016483516483516484,0.026923076923076925,0.0,108.14,109.14,14,0.001949317738791423,-0.0013169446883230904,0.007154213036565978,0.001870420857528662,0.0009328358208955224,0.0,0.0,0.0,0.0004664179104477612,0.0007462686567164179,0.005847953216374269,0.0919352393146554,00-0036389,Jalen Hurts,77.56193693693695,
00-0036389,2021,REG,265,432,3144.0,16,9.0,26.0,150.0,6,1,3882.0,1463.0,143.0,15.78835973315087,3,12.939742758055335,1.6942579347986886,139,784.0,10,3.0,1.0,56.0,40.5911976853391,0,0,1,0.0,0,0.0,0.0,3.0,0.0,0.0,-2.804270841705147,0,0.0,0.041666666666666664,0.008875739644970414,0.06871301775147928,0.0,312.16,312.16,15,0.0022988505747126436,0.0007741935483870968,0.0,0.004067630700778643,0.0,0.0,0.0,0.0,0.0,0.0,0.0,0.25362365940851483,00-0036389,Jalen Hurts,87.19135802469137,9.629421087754423
00-0036389,2022,REG,306,460,3701.0,22,6.0,38.0,231.0,4,2,3725.0,1782.0,165.0,72.2170870482575,0,16.17474285539799,2.1203146719184325,165,760.0,13,5.0,0.0,67.0,47.637342914217925,2,0,0,0.0,0,0.0,0.0,0.0,0.0,0.0,0.0,0,0.0,0.0,0.0,0.0,0.0,378.04,378.04,15,0.0,0.0,0.0,0.0,0.0,0.0,0.0,0.0,0.0,0.0,0.0,0.26100524716929024,00-0036389,Jalen Hurts,101.54891304347827,14.357555018786897
00-0036389,2023,REG,352,538,3858.0,23,15.0,36.0,222.0,5,1,4638.0,1697.0,185.0,63.33172199597199,0,14.378118028863168,2.1915037332027754,157,605.0,15,4.0,4.0,68.0,21.28859406406032,0,0,0,0.0,0,0.0,0.0,0.0,0.0,0.0,0.0,0,0.0,0.0,0.0,0.0,0.0,356.82,356.82,17,0.0,0.0,0.0,0.0,0.0,0.0,0.0,0.0,0.0,0.0,0.0,0.24152215408358038,00-0036389,Jalen Hurts,89.11864931846344,-12.430263725014825
00-0036442,2020,REG,264,404,2688.0,13,5.0,32.0,231.0,5,3,3429.0,1142.0,150.0,48.96672468471529,0,7.91044962850991,1.2004034493355558,37,142.0,3,4.0,1.0,14.0,-0.14122071868429664,0,0,0,0.0,0,0.0,0.0,0.0,0.0,0.0,0.0,0,0.0,0.0,0.0,0.0,0.0,173.72,173.72,10,0.0,0.0,0.0,0.0,0.0,0.0,0.0,0.0,0.0,0.0,0.0,0.19076274350471087,00-0036442,Joe Burrow,89.83085808580859,
00-0036442,2021,REG,366,520,4611.0,34,14.0,51.0,370.0,4,2,4227.0,2251.0,202.0,99.5450136223365,1,17.631081616122344,2.54588159673454,40,118.0,2,1.0,0.0,14.0,3.470520692237187,0,0,0,0.0,0,0.0,0.0,0.0,0.0,0.0,0.0,0,0.0,0.0,0.0,0.0,0.0,314.24,314.24,16,0.0,0.0,0.0,0.0,0.0,0.0,0.0,0.0,0.0,0.0,0.0,0.19626506776591096,00-0036442,Joe Burrow,108.26121794871794,18.430359862909356
00-0036442,2022,REG,414,606,4475.0,35,12.0,41.0,259.0,6,3,4142.0,2135.0,219.0,87.94603731591246,3,17.90357670264949,2.127728124352267,75,257.0,5,0.0,0.0,27.0,2.737210092251189,0,0,0,0.0,0,0.0,0.0,0.0,0.0,0.0,0.0,0,0.0,0.0,0.0,0.0,0.0,350.7,350.7,16,0.0,0.0,0.0,0.0,0.0,0.0,0.0,0.0,0.0,0.0,0.0,0.21707105719237432,00-0036442,Joe Burrow,100.78382838283828,-7.477389565879662
00-0036442,2023,REG,244,365,2309.0,15,6.0,24.0,180.0,2,1,2347.0,1239.0,115.0,6.095037059046859,0,10.068844015755406,0.8966607054357085,31,88.0,0,0.0,0.0,9.0,-3.5122415173973422,0,0,0,0.0,0,0.0,0.0,0.0,0.0,0.0,0.0,0,0.0,0.0,0.0,0.0,0.0,147.16,147.16,10,0.0,0.0,0.0,0.0,0.0,0.0,0.0,0.0,0.0,0.0,0.0,0.1752572408536585,00-0036442,Joe Burrow,90.9988584474886,-9.784969935349679
00-0036971,2021,REG,359,602,3641.0,12,17.0,32.0,238.0,7,5,4738.0,1634.0,177.0,-60.01285959799543,2,13.984290305161933,0.6277611417505866,73,334.0,2,2.0,0.0,22.0,11.314141616867087,0,0,0,0.0,0,0.0,0.0,0.0,0.0,0.0,0.0,0,0.0,0.0,0.0,0.0,0.0,199.04,199.04,17,0.0,0.0,0.0,0.0,0.0,0.0,0.0,0.0,0.0,0.0,0.0,0.16410797618851308,00-0036971,Trevor Lawrence,71.85769656699888,
00-0036971,2022,REG,387,584,4113.0,25,8.0,27.0,184.0,7,5,4294.0,2017.0,206.0,83.5256579103014,3,18.15635670571772,1.9842876084487884,62,291.0,5,5.0,4.0,27.0,-5.21947004223272,0,0,0,0.0,0,0.0,0.0,0.0,0.0,0.0,0.0,0,0.0,0.0,0.0,0.0,0.0,295.62,295.62,17,0.0,0.0,0.0,0.0,0.0,0.0,0.0,0.0,0.0,0.0,0.0,0.1967756536556792,00-0036971,Trevor Lawrence,95.21261415525115,23.354917588252263
00-0036971,2023,REG,370,564,4016.0,21,14.0,35.0,224.0,8,5,4613.0,1778.0,179.0,0.777313856267682,1,14.73686098997866,1.7021387573419275,70,339.0,4,3.0,2.0,23.0,1.3892420482323233,0,0,0,0.0,0,0.0,0.0,0.0,0.0,0.0,0.0,0,0.0,0.0,0.0,0.0,0.0,262.54,262.54,16,0.0,0.0,0.0,0.0,0.0,0.0,0.0,0.0,0.0,0.0,0.0,0.18834112887026888,00-0036971,Trevor Lawrence,88.48995271867612,-6.722661436575024
